channel_id,sequence,recv_height,recv_time,fee_amount,fee_denom,source_port,destination_channel,timeout_height
channel-0,171930,25128776,2025-04-04T03:59:37.442747,3548uatom,,transfer,channel-391,0-0
channel-0,171931,25128776,2025-04-04T03:59:37.442747,3548uatom,,transfer,channel-391,0-0
channel-0,171930,25128776,2025-04-04T03:59:37.442747,2292uatom,,transfer,channel-391,0-0
channel-0,171931,25128776,2025-04-04T03:59:37.442747,2292uatom,,transfer,channel-391,0-0
channel-0,4108961,25128776,2025-04-04T03:59:37.442747,2292uatom,,transfer,channel-141,0-0
channel-24,47640,25128770,2025-04-04T03:59:04.554117,2273uatom,,transfer,channel-190,0-0
channel-0,4108960,25128766,2025-04-04T03:58:40.177233,2575uatom,,transfer,channel-141,4-25128915
channel-15,64611,25128765,2025-04-04T03:58:33.987658,1666uatom,,transfer,channel-301,0-0
channel-1,30534,25128762,2025-04-04T03:58:15.118357,2662uatom,,transfer,channel-794,0-0
channel-1,179944,25128760,2025-04-04T03:58:05.269520,2806uatom,,transfer,channel-569,4-25128908
channel-1,179944,25128760,2025-04-04T03:58:05.269520,2206uatom,,transfer,channel-569,4-25128908
channel-1,179943,25128758,2025-04-04T03:57:52.722119,2991uatom,,transfer,channel-569,0-0
channel-9,13866,25128753,2025-04-04T03:57:22.296889,1954uatom,,transfer,channel-660,0-0
channel-0,108790,25128748,2025-04-04T03:56:52.027797,1719uatom,,transfer,channel-343,0-0
channel-0,4108958,25128741,2025-04-04T03:56:13.175871,2261uatom,,transfer,channel-141,0-0
channel-0,4108958,25128741,2025-04-04T03:56:13.175871,2738uatom,,transfer,channel-141,0-0
channel-0,4108958,25128741,2025-04-04T03:56:13.175871,2292uatom,,transfer,channel-141,0-0
channel-0,4108959,25128741,2025-04-04T03:56:13.175871,2292uatom,,transfer,channel-141,0-0
channel-0,4108958,25128741,2025-04-04T03:56:13.175871,4583uatom,,transfer,channel-141,0-0
channel-0,4108959,25128741,2025-04-04T03:56:13.175871,4583uatom,,transfer,channel-141,0-0
channel-0,4108958,25128741,2025-04-04T03:56:13.175871,365uatom,,transfer,channel-141,0-0
channel-0,4108959,25128741,2025-04-04T03:56:13.175871,365uatom,,transfer,channel-141,0-0
channel-0,4108957,25128739,2025-04-04T03:56:01.076780,2296uatom,,transfer,channel-141,4-25128885
channel-0,4108956,25128737,2025-04-04T03:55:49.111152,2301uatom,,transfer,channel-141,0-0
channel-0,4108955,25128732,2025-04-04T03:55:20.465745,2298uatom,,transfer,channel-141,0-0
channel-0,4108955,25128732,2025-04-04T03:55:20.465745,4276uatom,,transfer,channel-141,0-0
channel-0,4108955,25128732,2025-04-04T03:55:20.465745,2164uatom,,transfer,channel-141,0-0
channel-1,96231,25128731,2025-04-04T03:55:14.458562,1587uatom,,transfer,channel-220,0-0
channel-9,13865,25128730,2025-04-04T03:55:08.392829,1972uatom,,transfer,channel-660,0-0
channel-0,4108954,25128720,2025-04-04T03:54:08.585603,2279uatom,,transfer,channel-141,0-0
channel-0,4108954,25128720,2025-04-04T03:54:08.585603,3669uatom,,transfer,channel-141,0-0
channel-0,4108954,25128720,2025-04-04T03:54:08.585603,3668uatom,,transfer,channel-141,0-0
channel-0,4108953,25128717,2025-04-04T03:53:50.137790,2292uatom,,transfer,channel-141,0-0
channel-0,4108952,25128704,2025-04-04T03:52:36.655021,2301uatom,,transfer,channel-141,0-0
channel-0,4108952,25128704,2025-04-04T03:52:36.655021,420uatom,,transfer,channel-141,0-0
channel-9,3074,25128699,2025-04-04T03:52:06.569706,1413uatom,,icacontroller-sweep-uatom,channel-861,0-0
channel-9,3074,25128699,2025-04-04T03:52:06.569706,7117uatom,,icacontroller-sweep-uatom,channel-861,0-0
channel-0,4108951,25128693,2025-04-04T03:51:29.875917,2310uatom,,transfer,channel-141,4-25128840
channel-1,259942,25128678,2025-04-04T03:50:05.143374,1984uatom,,transfer,channel-288,4-25128825
channel-1,259942,25128678,2025-04-04T03:50:05.143374,2300uatom,,transfer,channel-288,4-25128825
channel-1,259942,25128678,2025-04-04T03:50:05.143374,415uatom,,transfer,channel-288,4-25128825
channel-0,4108950,25128676,2025-04-04T03:49:53.131851,2281uatom,,transfer,channel-141,4-25128822
channel-0,4108950,25128676,2025-04-04T03:49:53.131851,414uatom,,transfer,channel-141,4-25128822
channel-0,4108949,25128670,2025-04-04T03:49:16.754288,2301uatom,,transfer,channel-141,0-0
channel-0,4108949,25128670,2025-04-04T03:49:16.754288,2443uatom,,transfer,channel-141,0-0
channel-0,4108949,25128670,2025-04-04T03:49:16.754288,1335uatom,,transfer,channel-141,0-0
channel-8,3097,25128670,2025-04-04T03:49:16.754288,1335uatom,,icacontroller-reward-uatom,channel-863,0-0
channel-0,4108949,25128670,2025-04-04T03:49:16.754288,422uatom,,transfer,channel-141,0-0
channel-8,3097,25128670,2025-04-04T03:49:16.754288,422uatom,,icacontroller-reward-uatom,channel-863,0-0
channel-1,179942,25128665,2025-04-04T03:48:45.161527,2789uatom,,transfer,channel-569,0-0
channel-1,179942,25128665,2025-04-04T03:48:45.161527,420uatom,,transfer,channel-569,0-0
channel-1,10336,25128652,2025-04-04T03:47:28.118381,1336uatom,,transfer,channel-1266,4-25128800
channel-0,4108948,25128649,2025-04-04T03:47:13.707542,2555uatom,,transfer,channel-141,0-0
channel-20,3123,25128645,2025-04-04T03:46:49.399362,5139uatom,,icacontroller-delegation-uatom,channel-891,0-0
channel-24,47639,25128644,2025-04-04T03:46:43.378990,2297uatom,,transfer,channel-190,0-0
channel-0,4108947,25128643,2025-04-04T03:46:37.283786,2305uatom,,transfer,channel-141,0-0
channel-0,4108947,25128643,2025-04-04T03:46:37.283786,2528uatom,,transfer,channel-141,0-0
channel-1,179941,25128643,2025-04-04T03:46:37.283786,2528uatom,,transfer,channel-569,4-25128790
channel-0,18282,25128641,2025-04-04T03:46:24.973170,1223uatom,,transfer,channel-859,0-0
channel-0,18282,25128641,2025-04-04T03:46:24.973170,365uatom,,transfer,channel-859,0-0
channel-0,18282,25128641,2025-04-04T03:46:24.973170,2621uatom,,transfer,channel-859,0-0
channel-0,18282,25128641,2025-04-04T03:46:24.973170,417uatom,,transfer,channel-859,0-0
channel-1,96230,25128640,2025-04-04T03:46:18.915642,1632uatom,,transfer,channel-220,0-0
channel-0,4108946,25128634,2025-04-04T03:45:45.016883,2301uatom,,transfer,channel-141,0-0
channel-0,4108946,25128634,2025-04-04T03:45:45.016883,2233uatom,,transfer,channel-141,0-0
channel-0,4108946,25128634,2025-04-04T03:45:45.016883,395uatom,,transfer,channel-141,0-0
channel-1,179940,25128633,2025-04-04T03:45:39.108689,2806uatom,,transfer,channel-569,0-0
channel-1,179940,25128633,2025-04-04T03:45:39.108689,2313uatom,,transfer,channel-569,0-0
channel-0,4108945,25128633,2025-04-04T03:45:39.108689,2313uatom,,transfer,channel-141,0-0
channel-1,179939,25128632,2025-04-04T03:45:32.921611,3026uatom,,transfer,channel-569,0-0
channel-0,4108944,25128630,2025-04-04T03:45:20.793337,2266uatom,,transfer,channel-141,4-25128777
channel-0,4108944,25128630,2025-04-04T03:45:20.793337,415uatom,,transfer,channel-141,4-25128777
channel-0,4108943,25128620,2025-04-04T03:44:19.701537,2295uatom,,transfer,channel-141,4-25129615
channel-0,4108943,25128620,2025-04-04T03:44:19.701537,4065uatom,,transfer,channel-141,4-25129615
channel-0,4108943,25128620,2025-04-04T03:44:19.701537,423uatom,,transfer,channel-141,4-25129615
channel-0,4108943,25128620,2025-04-04T03:44:19.701537,2287uatom,,transfer,channel-141,4-25129615
channel-1,30533,25128614,2025-04-04T03:43:47.260852,2670uatom,,transfer,channel-794,0-0
channel-0,4108942,25128612,2025-04-04T03:43:33.773073,2266uatom,,transfer,channel-141,0-0
channel-0,4108942,25128612,2025-04-04T03:43:33.773073,2320uatom,,transfer,channel-141,0-0
channel-1,163712,25128605,2025-04-04T03:42:55.262018,1147uatom,,transfer,channel-326,4-25129504
channel-0,4108941,25128602,2025-04-04T03:42:32.366910,2265uatom,,transfer,channel-141,4-25128747
channel-0,4108941,25128602,2025-04-04T03:42:32.366910,2538uatom,,transfer,channel-141,4-25128747
channel-0,4108941,25128602,2025-04-04T03:42:32.366910,2905uatom,,transfer,channel-141,4-25128747
channel-0,4108941,25128602,2025-04-04T03:42:32.366910,2441uatom,,transfer,channel-141,4-25128747
channel-0,4108941,25128602,2025-04-04T03:42:32.366910,1328uatom,,transfer,channel-141,4-25128747
channel-0,4108941,25128602,2025-04-04T03:42:32.366910,485uatom,,transfer,channel-141,4-25128747
channel-9,13864,25128601,2025-04-04T03:42:26.354468,1965uatom,,transfer,channel-660,0-0
channel-0,4108940,25128597,2025-04-04T03:42:01.362555,2270uatom,,transfer,channel-141,0-0
channel-1,96229,25128596,2025-04-04T03:41:55.349746,1512uatom,,transfer,channel-220,0-0
channel-0,4108939,25128590,2025-04-04T03:41:22.845100,2300uatom,,transfer,channel-141,0-0
channel-0,4108939,25128590,2025-04-04T03:41:22.845100,2786uatom,,transfer,channel-141,0-0
channel-1,179938,25128590,2025-04-04T03:41:22.845100,2786uatom,,transfer,channel-569,0-0
channel-0,4108938,25128587,2025-04-04T03:41:04.573638,2292uatom,,transfer,channel-141,0-0
channel-0,4108938,25128587,2025-04-04T03:41:04.573638,384uatom,,transfer,channel-141,0-0
channel-0,4108938,25128587,2025-04-04T03:41:04.573638,423uatom,,transfer,channel-141,0-0
channel-0,4108938,25128587,2025-04-04T03:41:04.573638,6948uatom,,transfer,channel-141,0-0
channel-0,4108938,25128587,2025-04-04T03:41:04.573638,2488uatom,,transfer,channel-141,0-0
channel-1,179937,25128587,2025-04-04T03:41:04.573638,2488uatom,,transfer,channel-569,4-25129573
channel-97,2324,25128578,2025-04-04T03:40:15.422053,993uatom,,consumer,channel-1263,0-0
channel-97,2324,25128578,2025-04-04T03:40:15.422053,2300uatom,,consumer,channel-1263,0-0
channel-0,14093,25128578,2025-04-04T03:40:15.422053,2300uatom,,transfer,channel-339,0-0
channel-97,2324,25128578,2025-04-04T03:40:15.422053,2746uatom,,consumer,channel-1263,0-0
channel-0,14093,25128578,2025-04-04T03:40:15.422053,2746uatom,,transfer,channel-339,0-0
channel-0,2292,25128573,2025-04-04T03:39:45.000333,1186uatom,,consumer,channel-1265,0-0
channel-0,2065050,25128572,2025-04-04T03:39:38.911391,2416uatom,,consumer,channel-568,0-0
channel-0,4108937,25128568,2025-04-04T03:39:14.861411,2292uatom,,transfer,channel-141,0-0
channel-0,4108937,25128568,2025-04-04T03:39:14.861411,423uatom,,transfer,channel-141,0-0
channel-0,4108937,25128568,2025-04-04T03:39:14.861411,2295uatom,,transfer,channel-141,0-0
channel-0,4108937,25128568,2025-04-04T03:39:14.861411,421uatom,,transfer,channel-141,0-0
channel-0,18281,25128562,2025-04-04T03:38:42.132490,1563uatom,,transfer,channel-859,4-25128709
channel-9,13863,25128561,2025-04-04T03:38:38.203381,1985uatom,,transfer,channel-660,0-0
channel-9,13863,25128561,2025-04-04T03:38:38.203381,3009uatom,,transfer,channel-660,0-0
channel-0,4108936,25128558,2025-04-04T03:38:20.028549,2275uatom,,transfer,channel-141,0-0
channel-0,4108936,25128558,2025-04-04T03:38:20.028549,2441uatom,,transfer,channel-141,0-0
channel-1,30532,25128555,2025-04-04T03:38:01.609363,2639uatom,,transfer,channel-794,0-0
channel-1,30532,25128555,2025-04-04T03:38:01.609363,366uatom,,transfer,channel-794,0-0
channel-1,30532,25128555,2025-04-04T03:38:01.609363,2319uatom,,transfer,channel-794,0-0
channel-1,30532,25128555,2025-04-04T03:38:01.609363,7193uatom,,transfer,channel-794,0-0
channel-0,4108935,25128552,2025-04-04T03:37:46.427407,2283uatom,,transfer,channel-141,4-25128699
channel-0,4108935,25128552,2025-04-04T03:37:46.427407,2447uatom,,transfer,channel-141,4-25128699
channel-1,179936,25128552,2025-04-04T03:37:46.427407,2447uatom,,transfer,channel-569,0-0
channel-0,4108935,25128552,2025-04-04T03:37:46.427407,2074uatom,,transfer,channel-141,4-25128699
channel-1,179936,25128552,2025-04-04T03:37:46.427407,2074uatom,,transfer,channel-569,0-0
channel-0,4108935,25128552,2025-04-04T03:37:46.427407,422uatom,,transfer,channel-141,4-25128699
channel-1,179936,25128552,2025-04-04T03:37:46.427407,422uatom,,transfer,channel-569,0-0
channel-0,4108934,25128551,2025-04-04T03:37:40.380194,2301uatom,,transfer,channel-141,0-0
channel-0,4108934,25128551,2025-04-04T03:37:40.380194,2319uatom,,transfer,channel-141,0-0
channel-0,4108934,25128551,2025-04-04T03:37:40.380194,1313uatom,,transfer,channel-141,0-0
channel-1,10335,25128551,2025-04-04T03:37:40.380194,1313uatom,,transfer,channel-1266,4-25128698
channel-0,4108934,25128551,2025-04-04T03:37:40.380194,2221uatom,,transfer,channel-141,0-0
channel-1,10335,25128551,2025-04-04T03:37:40.380194,2221uatom,,transfer,channel-1266,4-25128698
channel-0,4108934,25128551,2025-04-04T03:37:40.380194,420uatom,,transfer,channel-141,0-0
channel-1,10335,25128551,2025-04-04T03:37:40.380194,420uatom,,transfer,channel-1266,4-25128698
channel-37,31448,25128547,2025-04-04T03:37:15.890113,1120uatom,,transfer,channel-400,4-25129468
channel-37,31448,25128547,2025-04-04T03:37:15.890113,2166uatom,,transfer,channel-400,4-25129468
channel-37,31448,25128547,2025-04-04T03:37:15.890113,2319uatom,,transfer,channel-400,4-25129468
channel-37,31448,25128547,2025-04-04T03:37:15.890113,413uatom,,transfer,channel-400,4-25129468
channel-1,179935,25128546,2025-04-04T03:37:09.646132,2449uatom,,transfer,channel-569,0-0
channel-1,179934,25128545,2025-04-04T03:37:03.639881,2908uatom,,transfer,channel-569,0-0
channel-0,4108933,25128544,2025-04-04T03:36:57.777026,2306uatom,,transfer,channel-141,0-0
channel-9,13862,25128538,2025-04-04T03:36:21.517522,1976uatom,,transfer,channel-660,0-0
channel-9,13862,25128538,2025-04-04T03:36:21.517522,1588uatom,,transfer,channel-660,0-0
channel-3,6003,25128538,2025-04-04T03:36:21.517522,1588uatom,,transfer,channel-1252,0-0
channel-9,13862,25128538,2025-04-04T03:36:21.517522,2314uatom,,transfer,channel-660,0-0
channel-3,6003,25128538,2025-04-04T03:36:21.517522,2314uatom,,transfer,channel-1252,0-0
channel-0,4108932,25128538,2025-04-04T03:36:21.517522,2314uatom,,transfer,channel-141,0-0
channel-0,4108931,25128537,2025-04-04T03:36:15.547611,2279uatom,,transfer,channel-141,0-0
channel-0,4108931,25128537,2025-04-04T03:36:15.547611,2796uatom,,transfer,channel-141,0-0
channel-1,179933,25128537,2025-04-04T03:36:15.547611,2796uatom,,transfer,channel-569,0-0
channel-0,14092,25128526,2025-04-04T03:35:10.935221,2686uatom,,transfer,channel-339,0-0
channel-0,14092,25128526,2025-04-04T03:35:10.935221,414uatom,,transfer,channel-339,0-0
channel-0,4108929,25128524,2025-04-04T03:34:58.683684,2723uatom,,transfer,channel-141,0-0
channel-0,4108930,25128524,2025-04-04T03:34:58.683684,2723uatom,,transfer,channel-141,0-0
channel-0,4108928,25128520,2025-04-04T03:34:38.261221,2968uatom,,transfer,channel-141,0-0
channel-24,47638,25128513,2025-04-04T03:33:55.318250,2300uatom,,transfer,channel-190,0-0
channel-24,47638,25128513,2025-04-04T03:33:55.318250,2553uatom,,transfer,channel-190,0-0
channel-24,47638,25128513,2025-04-04T03:33:55.318250,2301uatom,,transfer,channel-190,0-0
channel-0,4108927,25128513,2025-04-04T03:33:55.318250,2301uatom,,transfer,channel-141,0-0
channel-1,179932,25128505,2025-04-04T03:33:08.740443,2532uatom,,transfer,channel-569,0-0
channel-1,179932,25128505,2025-04-04T03:33:08.740443,2210uatom,,transfer,channel-569,0-0
channel-0,14091,25128504,2025-04-04T03:33:02.654279,2662uatom,,transfer,channel-339,0-0
channel-0,4108925,25128503,2025-04-04T03:32:56.646421,2291uatom,,transfer,channel-141,4-25129496
channel-0,4108925,25128503,2025-04-04T03:32:56.646421,416uatom,,transfer,channel-141,4-25129496
channel-0,4108925,25128503,2025-04-04T03:32:56.646421,2309uatom,,transfer,channel-141,4-25129496
channel-0,4108926,25128503,2025-04-04T03:32:56.646421,2309uatom,,transfer,channel-141,0-0
channel-0,4108924,25128501,2025-04-04T03:32:44.356998,2284uatom,,transfer,channel-141,0-0
channel-0,4108923,25128495,2025-04-04T03:32:06.258884,2283uatom,,transfer,channel-141,0-0
channel-0,4108923,25128495,2025-04-04T03:32:06.258884,753uatom,,transfer,channel-141,0-0
channel-1,163711,25128488,2025-04-04T03:31:27.541993,1143uatom,,transfer,channel-326,4-25129473
channel-1,163711,25128488,2025-04-04T03:31:27.541993,2231uatom,,transfer,channel-326,4-25129473
channel-0,4108922,25128485,2025-04-04T03:31:09.468622,2570uatom,,transfer,channel-141,0-0
channel-0,4108922,25128485,2025-04-04T03:31:09.468622,2254uatom,,transfer,channel-141,0-0
channel-0,18280,25128481,2025-04-04T03:30:50.393262,1852uatom,,transfer,channel-859,0-0
channel-0,4108920,25128480,2025-04-04T03:30:44.282327,2305uatom,,transfer,channel-141,4-25128626
channel-0,4108920,25128480,2025-04-04T03:30:44.282327,2278uatom,,transfer,channel-141,4-25128626
channel-0,4108921,25128480,2025-04-04T03:30:44.282327,2278uatom,,transfer,channel-141,0-0
channel-1,179931,25128479,2025-04-04T03:30:38.068498,2826uatom,,transfer,channel-569,0-0
channel-1,179930,25128477,2025-04-04T03:30:27.937823,2498uatom,,transfer,channel-569,0-0
channel-239,16490,25128470,2025-04-04T03:29:44.393081,2332uatom,,transfer,channel-730,4-25128617
channel-0,4108919,25128469,2025-04-04T03:29:38.068632,2279uatom,,transfer,channel-141,4-25128617
channel-0,4108919,25128469,2025-04-04T03:29:38.068632,2100uatom,,transfer,channel-141,4-25128617
channel-0,4108919,25128469,2025-04-04T03:29:38.068632,618uatom,,transfer,channel-141,4-25128617
channel-37,31447,25128467,2025-04-04T03:29:26.064027,1119uatom,,transfer,channel-400,4-25128817
channel-0,100923,25128465,2025-04-04T03:29:13.910378,1265uatom,,transfer,channel-192,4-25129459
channel-1,96228,25128457,2025-04-04T03:28:31.696956,1501uatom,,transfer,channel-220,0-0
channel-1,96228,25128457,2025-04-04T03:28:31.696956,694uatom,,transfer,channel-220,0-0
channel-1,96228,25128457,2025-04-04T03:28:31.696956,483uatom,,transfer,channel-220,0-0
channel-1,163710,25128456,2025-04-04T03:28:25.620374,1139uatom,,transfer,channel-326,4-25129196
channel-1,179929,25128446,2025-04-04T03:27:24.030275,2926uatom,,transfer,channel-569,4-25128593
channel-1,179929,25128446,2025-04-04T03:27:24.030275,365uatom,,transfer,channel-569,4-25128593
channel-1,179929,25128446,2025-04-04T03:27:24.030275,486uatom,,transfer,channel-569,4-25128593
channel-0,4108918,25128445,2025-04-04T03:27:17.835168,2288uatom,,transfer,channel-141,0-0
channel-0,18279,25128443,2025-04-04T03:27:05.574797,1226uatom,,transfer,channel-859,4-25128589
channel-0,4108917,25128435,2025-04-04T03:26:14.711105,2288uatom,,transfer,channel-141,0-0
channel-0,4108916,25128434,2025-04-04T03:26:10.721126,2314uatom,,transfer,channel-141,4-25128581
channel-0,4108916,25128434,2025-04-04T03:26:10.721126,414uatom,,transfer,channel-141,4-25128581
channel-0,4108915,25128422,2025-04-04T03:25:05.146232,2278uatom,,transfer,channel-141,0-0
channel-0,4108915,25128422,2025-04-04T03:25:05.146232,401uatom,,transfer,channel-141,0-0
channel-0,4108914,25128420,2025-04-04T03:24:52.954930,2278uatom,,transfer,channel-141,0-0
channel-12,4571,25128418,2025-04-04T03:24:40.810456,1838uatom,,transfer,channel-186,4-25128563
channel-0,4108913,25128412,2025-04-04T03:24:04.626927,2296uatom,,transfer,channel-141,0-0
channel-0,4108913,25128412,2025-04-04T03:24:04.626927,2171uatom,,transfer,channel-141,0-0
channel-0,4108912,25128398,2025-04-04T03:22:41.427280,2305uatom,,transfer,channel-141,0-0
channel-0,4108912,25128398,2025-04-04T03:22:41.427280,2797uatom,,transfer,channel-141,0-0
channel-0,4108912,25128398,2025-04-04T03:22:41.427280,2666uatom,,transfer,channel-141,0-0
channel-0,4108911,25128394,2025-04-04T03:22:20.927706,2309uatom,,transfer,channel-141,0-0
channel-0,4108911,25128394,2025-04-04T03:22:20.927706,2770uatom,,transfer,channel-141,0-0
channel-0,4108910,25128389,2025-04-04T03:21:50.601552,2384uatom,,transfer,channel-141,0-0
channel-0,4108909,25128387,2025-04-04T03:21:38.496772,2288uatom,,transfer,channel-141,4-25129383
channel-0,4108908,25128382,2025-04-04T03:21:08.879433,2274uatom,,transfer,channel-141,0-0
channel-0,4108908,25128382,2025-04-04T03:21:08.879433,697uatom,,transfer,channel-141,0-0
channel-0,4108907,25128353,2025-04-04T03:18:18.270052,2596uatom,,transfer,channel-141,0-0
channel-0,4108907,25128353,2025-04-04T03:18:18.270052,2408uatom,,transfer,channel-141,0-0
channel-0,4108907,25128353,2025-04-04T03:18:18.270052,2668uatom,,transfer,channel-141,0-0
channel-1,179926,25128350,2025-04-04T03:18:01.673968,3785uatom,,transfer,channel-569,0-0
channel-1,179927,25128350,2025-04-04T03:18:01.673968,3785uatom,,transfer,channel-569,0-0
channel-1,179928,25128350,2025-04-04T03:18:01.673968,3785uatom,,transfer,channel-569,0-0
channel-1,179926,25128350,2025-04-04T03:18:01.673968,397uatom,,transfer,channel-569,0-0
channel-1,179927,25128350,2025-04-04T03:18:01.673968,397uatom,,transfer,channel-569,0-0
channel-1,179928,25128350,2025-04-04T03:18:01.673968,397uatom,,transfer,channel-569,0-0
channel-1,179926,25128350,2025-04-04T03:18:01.673968,365uatom,,transfer,channel-569,0-0
channel-1,179927,25128350,2025-04-04T03:18:01.673968,365uatom,,transfer,channel-569,0-0
channel-1,179928,25128350,2025-04-04T03:18:01.673968,365uatom,,transfer,channel-569,0-0
channel-1,179926,25128350,2025-04-04T03:18:01.673968,2797uatom,,transfer,channel-569,0-0
channel-1,179927,25128350,2025-04-04T03:18:01.673968,2797uatom,,transfer,channel-569,0-0
channel-1,179928,25128350,2025-04-04T03:18:01.673968,2797uatom,,transfer,channel-569,0-0
channel-146,1744372,25128349,2025-04-04T03:17:55.367713,2338uatom,,consumer,channel-635,0-0
channel-146,1744372,25128349,2025-04-04T03:17:55.367713,694uatom,,consumer,channel-635,0-0
channel-146,1744372,25128349,2025-04-04T03:17:55.367713,3118uatom,,consumer,channel-635,0-0
channel-146,1744372,25128349,2025-04-04T03:17:55.367713,2306uatom,,consumer,channel-635,0-0
channel-0,4108906,25128349,2025-04-04T03:17:55.367713,2306uatom,,transfer,channel-141,0-0
channel-146,1744372,25128349,2025-04-04T03:17:55.367713,485uatom,,consumer,channel-635,0-0
channel-0,4108906,25128349,2025-04-04T03:17:55.367713,485uatom,,transfer,channel-141,0-0
channel-146,1744372,25128349,2025-04-04T03:17:55.367713,2217uatom,,consumer,channel-635,0-0
channel-0,4108906,25128349,2025-04-04T03:17:55.367713,2217uatom,,transfer,channel-141,0-0
channel-0,4108905,25128346,2025-04-04T03:17:37.020828,2285uatom,,transfer,channel-141,0-0
channel-0,4108905,25128346,2025-04-04T03:17:37.020828,2788uatom,,transfer,channel-141,0-0
channel-0,4108904,25128343,2025-04-04T03:17:18.942680,2293uatom,,transfer,channel-141,0-0
channel-0,4108904,25128343,2025-04-04T03:17:18.942680,3117uatom,,transfer,channel-141,0-0
channel-1,10334,25128340,2025-04-04T03:17:00.921516,1339uatom,,transfer,channel-1266,4-25128487
channel-1,10334,25128340,2025-04-04T03:17:00.921516,2157uatom,,transfer,channel-1266,4-25128487
channel-1,10334,25128340,2025-04-04T03:17:00.921516,3118uatom,,transfer,channel-1266,4-25128487
channel-1,96227,25128321,2025-04-04T03:15:10.560447,1523uatom,,transfer,channel-220,0-0
channel-24,47637,25128317,2025-04-04T03:14:50.203542,2293uatom,,transfer,channel-190,4-25129248
channel-24,47637,25128317,2025-04-04T03:14:50.203542,420uatom,,transfer,channel-190,4-25129248
channel-24,47637,25128317,2025-04-04T03:14:50.203542,414uatom,,transfer,channel-190,4-25129248
channel-24,47637,25128317,2025-04-04T03:14:50.203542,2447uatom,,transfer,channel-190,4-25129248
channel-239,16489,25128312,2025-04-04T03:14:19.383190,2673uatom,,transfer,channel-730,4-25128459
channel-239,16489,25128312,2025-04-04T03:14:19.383190,2440uatom,,transfer,channel-730,4-25128459
channel-0,18278,25128295,2025-04-04T03:12:41.436734,1563uatom,,transfer,channel-859,4-25128443
channel-0,171927,25128292,2025-04-04T03:12:22.844698,3909uatom,,transfer,channel-391,0-0
channel-0,171928,25128292,2025-04-04T03:12:22.844698,3909uatom,,transfer,channel-391,0-0
channel-0,171929,25128292,2025-04-04T03:12:22.844698,3909uatom,,transfer,channel-391,0-0
channel-0,171927,25128292,2025-04-04T03:12:22.844698,414uatom,,transfer,channel-391,0-0
channel-0,171928,25128292,2025-04-04T03:12:22.844698,414uatom,,transfer,channel-391,0-0
channel-0,171929,25128292,2025-04-04T03:12:22.844698,414uatom,,transfer,channel-391,0-0
channel-0,171927,25128292,2025-04-04T03:12:22.844698,2440uatom,,transfer,channel-391,0-0
channel-0,171928,25128292,2025-04-04T03:12:22.844698,2440uatom,,transfer,channel-391,0-0
channel-0,171929,25128292,2025-04-04T03:12:22.844698,2440uatom,,transfer,channel-391,0-0
channel-0,4108903,25128290,2025-04-04T03:12:10.668551,2274uatom,,transfer,channel-141,4-25128438
channel-0,18277,25128266,2025-04-04T03:09:50.225089,1222uatom,,transfer,channel-859,0-0
channel-0,4108902,25128261,2025-04-04T03:09:19.682801,2284uatom,,transfer,channel-141,0-0
channel-0,4108902,25128261,2025-04-04T03:09:19.682801,41791uatom,,transfer,channel-141,0-0
channel-24,47636,25128245,2025-04-04T03:07:44.886586,2291uatom,,transfer,channel-190,4-25129165
channel-24,47636,25128245,2025-04-04T03:07:44.886586,2442uatom,,transfer,channel-190,4-25129165
channel-24,47636,25128245,2025-04-04T03:07:44.886586,9215uatom,,transfer,channel-190,4-25129165
channel-24,47636,25128245,2025-04-04T03:07:44.886586,2276uatom,,transfer,channel-190,4-25129165
channel-0,4108901,25128243,2025-04-04T03:07:32.742035,2293uatom,,transfer,channel-141,0-0
channel-0,4108901,25128243,2025-04-04T03:07:32.742035,393uatom,,transfer,channel-141,0-0
channel-0,14090,25128234,2025-04-04T03:06:41.555455,2699uatom,,transfer,channel-339,0-0
channel-0,14090,25128234,2025-04-04T03:06:41.555455,2154uatom,,transfer,channel-339,0-0
channel-0,14089,25128224,2025-04-04T03:05:44.893901,2401uatom,,transfer,channel-339,0-0
channel-0,4108900,25128213,2025-04-04T03:04:38.373196,2275uatom,,transfer,channel-141,0-0
channel-239,16488,25128211,2025-04-04T03:04:24.876867,2319uatom,,transfer,channel-730,4-25128358
channel-0,4108899,25128210,2025-04-04T03:04:18.695967,2300uatom,,transfer,channel-141,0-0
channel-0,4108898,25128209,2025-04-04T03:04:12.554545,2579uatom,,transfer,channel-141,0-0
channel-0,14088,25128205,2025-04-04T03:03:54.315532,2719uatom,,transfer,channel-339,0-0
channel-1,10333,25128199,2025-04-04T03:03:17.536793,1522uatom,,transfer,channel-1266,0-0
channel-1,10333,25128199,2025-04-04T03:03:17.536793,2096uatom,,transfer,channel-1266,0-0
channel-0,14087,25128196,2025-04-04T03:02:59.230997,2660uatom,,transfer,channel-339,0-0
channel-0,14087,25128196,2025-04-04T03:02:59.230997,2417uatom,,transfer,channel-339,0-0
channel-0,4108897,25128196,2025-04-04T03:02:59.230997,2417uatom,,transfer,channel-141,4-25128343
channel-0,14087,25128196,2025-04-04T03:02:59.230997,4450uatom,,transfer,channel-339,0-0
channel-0,4108897,25128196,2025-04-04T03:02:59.230997,4450uatom,,transfer,channel-141,4-25128343
channel-1,96226,25128185,2025-04-04T03:01:52.835325,1503uatom,,transfer,channel-220,0-0
channel-1,96226,25128185,2025-04-04T03:01:52.835325,422uatom,,transfer,channel-220,0-0
channel-1,96226,25128185,2025-04-04T03:01:52.835325,565uatom,,transfer,channel-220,0-0
channel-1,96226,25128185,2025-04-04T03:01:52.835325,413uatom,,transfer,channel-220,0-0
channel-1,10332,25128184,2025-04-04T03:01:46.475961,1423uatom,,transfer,channel-1266,4-25128331
channel-1,10332,25128184,2025-04-04T03:01:46.475961,423uatom,,transfer,channel-1266,4-25128331
channel-1,163709,25128183,2025-04-04T03:01:40.168350,1143uatom,,transfer,channel-326,4-25129164
channel-0,4108896,25128151,2025-04-04T02:58:32.340149,2280uatom,,transfer,channel-141,0-0
channel-0,4108895,25128146,2025-04-04T02:58:05.136413,2302uatom,,transfer,channel-141,0-0
channel-0,4108894,25128131,2025-04-04T02:56:39.884923,2630uatom,,transfer,channel-141,0-0
channel-0,4108894,25128131,2025-04-04T02:56:39.884923,395uatom,,transfer,channel-141,0-0
channel-0,4108894,25128131,2025-04-04T02:56:39.884923,422uatom,,transfer,channel-141,0-0
channel-0,1707,25128127,2025-04-04T02:56:15.507142,1607uatom,,transfer,channel-940,4-25129916
channel-0,1707,25128127,2025-04-04T02:56:15.507142,466uatom,,transfer,channel-940,4-25129916
channel-1,96225,25128117,2025-04-04T02:55:18.729912,1613uatom,,transfer,channel-220,4-25129049
channel-1,96225,25128117,2025-04-04T02:55:18.729912,2092uatom,,transfer,channel-220,4-25129049
channel-0,4108893,25128115,2025-04-04T02:55:06.291755,2598uatom,,transfer,channel-141,0-0
channel-0,4108893,25128115,2025-04-04T02:55:06.291755,365uatom,,transfer,channel-141,0-0
channel-1,179925,25128113,2025-04-04T02:54:53.924416,2524uatom,,transfer,channel-569,4-25129076
channel-1,179925,25128113,2025-04-04T02:54:53.924416,2150uatom,,transfer,channel-569,4-25129076
channel-1,179925,25128113,2025-04-04T02:54:53.924416,422uatom,,transfer,channel-569,4-25129076
channel-1,179925,25128113,2025-04-04T02:54:53.924416,395uatom,,transfer,channel-569,4-25129076
channel-0,4108892,25128099,2025-04-04T02:53:37.746515,2297uatom,,transfer,channel-141,0-0
channel-0,4108892,25128099,2025-04-04T02:53:37.746515,466uatom,,transfer,channel-141,0-0
channel-0,4108892,25128099,2025-04-04T02:53:37.746515,396uatom,,transfer,channel-141,0-0
channel-0,4108892,25128099,2025-04-04T02:53:37.746515,3422uatom,,transfer,channel-141,0-0
channel-0,4108892,25128099,2025-04-04T02:53:37.746515,413uatom,,transfer,channel-141,0-0
channel-0,4108892,25128099,2025-04-04T02:53:37.746515,2276uatom,,transfer,channel-141,0-0
channel-2,25216,25128094,2025-04-04T02:53:06.080375,1897uatom,,transfer,channel-293,4-25140986
channel-2,25216,25128094,2025-04-04T02:53:06.080375,414uatom,,transfer,channel-293,4-25140986
channel-0,4108891,25128091,2025-04-04T02:52:47.800088,2283uatom,,transfer,channel-141,4-25128237
channel-0,4108891,25128091,2025-04-04T02:52:47.800088,2154uatom,,transfer,channel-141,4-25128237
channel-0,4108891,25128091,2025-04-04T02:52:47.800088,416uatom,,transfer,channel-141,4-25128237
channel-0,4108890,25128080,2025-04-04T02:51:43.129303,2264uatom,,transfer,channel-141,4-25129076
channel-0,14086,25128075,2025-04-04T02:51:16.890510,2671uatom,,transfer,channel-339,0-0
channel-0,14086,25128075,2025-04-04T02:51:16.890510,2224uatom,,transfer,channel-339,0-0
channel-0,14086,25128075,2025-04-04T02:51:16.890510,423uatom,,transfer,channel-339,0-0
channel-1,179924,25128073,2025-04-04T02:51:04.817645,3018uatom,,transfer,channel-569,0-0
channel-0,4108889,25128070,2025-04-04T02:50:46.782441,2287uatom,,transfer,channel-141,0-0
channel-0,4108889,25128070,2025-04-04T02:50:46.782441,366uatom,,transfer,channel-141,0-0
channel-0,4108889,25128070,2025-04-04T02:50:46.782441,366uatom,,transfer,channel-141,0-0
channel-0,4108889,25128070,2025-04-04T02:50:46.782441,485uatom,,transfer,channel-141,0-0
channel-1,96224,25128048,2025-04-04T02:48:39.341913,1501uatom,,transfer,channel-220,0-0
channel-1,96224,25128048,2025-04-04T02:48:39.341913,484uatom,,transfer,channel-220,0-0
channel-1,96224,25128048,2025-04-04T02:48:39.341913,367uatom,,transfer,channel-220,0-0
channel-0,19700,25128029,2025-04-04T02:46:49.014976,1732uatom,,transfer,channel-623,0-0
channel-0,19700,25128029,2025-04-04T02:46:49.014976,4820uatom,,transfer,channel-623,0-0
channel-0,4108887,25128022,2025-04-04T02:46:05.245286,2265uatom,,transfer,channel-141,0-0
channel-0,4108887,25128022,2025-04-04T02:46:05.245286,18642uatom,,transfer,channel-141,0-0
channel-0,4108887,25128022,2025-04-04T02:46:05.245286,2296uatom,,transfer,channel-141,0-0
channel-0,4108888,25128022,2025-04-04T02:46:05.245286,2296uatom,,transfer,channel-141,0-0
channel-1,179923,25128021,2025-04-04T02:45:59.231555,3074uatom,,transfer,channel-569,0-0
channel-1,179923,25128021,2025-04-04T02:45:59.231555,3995uatom,,transfer,channel-569,0-0
channel-0,14085,25128016,2025-04-04T02:45:28.564303,2635uatom,,transfer,channel-339,0-0
channel-0,14085,25128016,2025-04-04T02:45:28.564303,464uatom,,transfer,channel-339,0-0
channel-0,14085,25128016,2025-04-04T02:45:28.564303,402uatom,,transfer,channel-339,0-0
channel-0,14085,25128016,2025-04-04T02:45:28.564303,2150uatom,,transfer,channel-339,0-0
channel-0,14085,25128016,2025-04-04T02:45:28.564303,2227uatom,,transfer,channel-339,0-0
channel-0,14085,25128016,2025-04-04T02:45:28.564303,423uatom,,transfer,channel-339,0-0
channel-1,179922,25128015,2025-04-04T02:45:22.332785,2872uatom,,transfer,channel-569,0-0
channel-1,179922,25128015,2025-04-04T02:45:22.332785,414uatom,,transfer,channel-569,0-0
channel-0,4108886,25128014,2025-04-04T02:45:16.352968,2282uatom,,transfer,channel-141,0-0
channel-0,4108886,25128014,2025-04-04T02:45:16.352968,2530uatom,,transfer,channel-141,0-0
channel-1,179921,25128014,2025-04-04T02:45:16.352968,2530uatom,,transfer,channel-569,0-0
channel-0,4108886,25128014,2025-04-04T02:45:16.352968,637uatom,,transfer,channel-141,0-0
channel-1,179921,25128014,2025-04-04T02:45:16.352968,637uatom,,transfer,channel-569,0-0
channel-0,4108886,25128014,2025-04-04T02:45:16.352968,1615uatom,,transfer,channel-141,0-0
channel-1,179921,25128014,2025-04-04T02:45:16.352968,1615uatom,,transfer,channel-569,0-0
channel-3,6002,25128014,2025-04-04T02:45:16.352968,1615uatom,,transfer,channel-1252,0-0
channel-0,4108885,25128012,2025-04-04T02:45:08.170677,2305uatom,,transfer,channel-141,0-0
channel-0,4108884,25128011,2025-04-04T02:45:02.150033,2310uatom,,transfer,channel-141,0-0
channel-0,4108884,25128011,2025-04-04T02:45:02.150033,415uatom,,transfer,channel-141,0-0
channel-0,108789,25128005,2025-04-04T02:44:28.065194,1722uatom,,transfer,channel-343,0-0
channel-1,10331,25127980,2025-04-04T02:41:59.879760,1340uatom,,transfer,channel-1266,4-25128126
channel-1,10331,25127980,2025-04-04T02:41:59.879760,366uatom,,transfer,channel-1266,4-25128126
channel-1,10331,25127980,2025-04-04T02:41:59.879760,695uatom,,transfer,channel-1266,4-25128126
channel-1,10331,25127980,2025-04-04T02:41:59.879760,565uatom,,transfer,channel-1266,4-25128126
channel-1,163708,25127978,2025-04-04T02:41:49.840733,1138uatom,,transfer,channel-326,4-25128702
channel-97,2323,25127977,2025-04-04T02:41:43.847680,993uatom,,consumer,channel-1263,0-0
channel-0,2291,25127972,2025-04-04T02:41:15.792937,1187uatom,,consumer,channel-1265,0-0
channel-0,2291,25127972,2025-04-04T02:41:15.792937,2356uatom,,consumer,channel-1265,0-0
channel-0,2065049,25127972,2025-04-04T02:41:15.792937,2356uatom,,consumer,channel-568,0-0
channel-0,4108883,25127953,2025-04-04T02:39:21.662295,2279uatom,,transfer,channel-141,0-0
channel-0,14084,25127950,2025-04-04T02:39:07.431331,2719uatom,,transfer,channel-339,0-0
channel-0,14084,25127950,2025-04-04T02:39:07.431331,412uatom,,transfer,channel-339,0-0
channel-0,4108882,25127949,2025-04-04T02:39:01.235188,2305uatom,,transfer,channel-141,4-25128097
channel-0,4108882,25127949,2025-04-04T02:39:01.235188,413uatom,,transfer,channel-141,4-25128097
channel-0,14083,25127945,2025-04-04T02:38:37.057319,2744uatom,,transfer,channel-339,0-0
channel-0,14083,25127945,2025-04-04T02:38:37.057319,2441uatom,,transfer,channel-339,0-0
channel-0,14083,25127945,2025-04-04T02:38:37.057319,2298uatom,,transfer,channel-339,0-0
channel-0,4108881,25127945,2025-04-04T02:38:37.057319,2298uatom,,transfer,channel-141,0-0
channel-0,14083,25127945,2025-04-04T02:38:37.057319,673uatom,,transfer,channel-339,0-0
channel-0,4108881,25127945,2025-04-04T02:38:37.057319,673uatom,,transfer,channel-141,0-0
channel-0,4108880,25127942,2025-04-04T02:38:18.600299,2301uatom,,transfer,channel-141,0-0
channel-0,4108880,25127942,2025-04-04T02:38:18.600299,424uatom,,transfer,channel-141,0-0
channel-1,179920,25127939,2025-04-04T02:38:00.661247,3022uatom,,transfer,channel-569,0-0
channel-1,179920,25127939,2025-04-04T02:38:00.661247,365uatom,,transfer,channel-569,0-0
channel-0,14082,25127933,2025-04-04T02:37:24.429696,2748uatom,,transfer,channel-339,0-0
channel-0,108788,25127928,2025-04-04T02:36:56.312399,1656uatom,,transfer,channel-343,0-0
channel-0,4108879,25127924,2025-04-04T02:36:31.977842,2292uatom,,transfer,channel-141,0-0
channel-0,4108879,25127924,2025-04-04T02:36:31.977842,365uatom,,transfer,channel-141,0-0
channel-1,96223,25127913,2025-04-04T02:35:27.560697,1505uatom,,transfer,channel-220,0-0
channel-1,96223,25127913,2025-04-04T02:35:27.560697,398uatom,,transfer,channel-220,0-0
channel-0,4108878,25127900,2025-04-04T02:34:15.257109,2305uatom,,transfer,channel-141,0-0
channel-239,16487,25127895,2025-04-04T02:33:45.224389,2305uatom,,transfer,channel-730,0-0
channel-239,16487,25127895,2025-04-04T02:33:45.224389,423uatom,,transfer,channel-730,0-0
channel-239,16487,25127895,2025-04-04T02:33:45.224389,2275uatom,,transfer,channel-730,0-0
channel-0,4108877,25127895,2025-04-04T02:33:45.224389,2275uatom,,transfer,channel-141,0-0
channel-239,16487,25127895,2025-04-04T02:33:45.224389,394uatom,,transfer,channel-730,0-0
channel-0,4108877,25127895,2025-04-04T02:33:45.224389,394uatom,,transfer,channel-141,0-0
channel-239,16487,25127895,2025-04-04T02:33:45.224389,419uatom,,transfer,channel-730,0-0
channel-0,4108877,25127895,2025-04-04T02:33:45.224389,419uatom,,transfer,channel-141,0-0
channel-15,64610,25127884,2025-04-04T02:32:40.562047,1660uatom,,transfer,channel-301,4-25128032
channel-15,64610,25127884,2025-04-04T02:32:40.562047,488uatom,,transfer,channel-301,4-25128032
channel-1,185502,25127883,2025-04-04T02:32:34.251062,2649uatom,,transfer,channel-207,0-0
channel-1,185502,25127883,2025-04-04T02:32:34.251062,366uatom,,transfer,channel-207,0-0
channel-1,185502,25127883,2025-04-04T02:32:34.251062,423uatom,,transfer,channel-207,0-0
channel-1,185502,25127883,2025-04-04T02:32:34.251062,682uatom,,transfer,channel-207,0-0
channel-0,4108876,25127875,2025-04-04T02:31:51.956867,2282uatom,,transfer,channel-141,4-25128871
channel-0,4108876,25127875,2025-04-04T02:31:51.956867,2355uatom,,transfer,channel-141,4-25128871
channel-3,1019,25127874,2025-04-04T02:31:45.859081,1871uatom,,transfer,channel-632,0-0
channel-9,13861,25127872,2025-04-04T02:31:33.823656,1608uatom,,transfer,channel-660,0-0
channel-0,4108875,25127866,2025-04-04T02:30:57.297602,2301uatom,,transfer,channel-141,4-25128013
channel-0,4108874,25127843,2025-04-04T02:28:44.223479,2279uatom,,transfer,channel-141,0-0
channel-1,179919,25127842,2025-04-04T02:28:38.143603,2852uatom,,transfer,channel-569,0-0
channel-1,179919,25127842,2025-04-04T02:28:38.143603,397uatom,,transfer,channel-569,0-0
channel-1,179919,25127842,2025-04-04T02:28:38.143603,398uatom,,transfer,channel-569,0-0
channel-1,179919,25127842,2025-04-04T02:28:38.143603,2105uatom,,transfer,channel-569,0-0
channel-1,179919,25127842,2025-04-04T02:28:38.143603,394uatom,,transfer,channel-569,0-0
channel-0,4108873,25127836,2025-04-04T02:28:01.701831,2284uatom,,transfer,channel-141,0-0
channel-0,4108873,25127836,2025-04-04T02:28:01.701831,2443uatom,,transfer,channel-141,0-0
channel-0,4108872,25127828,2025-04-04T02:27:15.131207,2282uatom,,transfer,channel-141,0-0
channel-37,31446,25127816,2025-04-04T02:26:05.699725,1258uatom,,transfer,channel-400,0-0
channel-9,3073,25127813,2025-04-04T02:25:47.703264,1417uatom,,icacontroller-sweep-uatom,channel-861,0-0
channel-9,3073,25127813,2025-04-04T02:25:47.703264,1417uatom,,icacontroller-sweep-uatom,channel-861,0-0
channel-0,4108871,25127809,2025-04-04T02:25:23.606342,2283uatom,,transfer,channel-141,0-0
channel-0,4108871,25127809,2025-04-04T02:25:23.606342,2283uatom,,transfer,channel-141,0-0
channel-0,4108870,25127806,2025-04-04T02:25:04.344004,2278uatom,,transfer,channel-141,4-25127954
channel-0,171924,25127803,2025-04-04T02:24:48.009969,3916uatom,,transfer,channel-391,0-0
channel-0,171925,25127803,2025-04-04T02:24:48.009969,3916uatom,,transfer,channel-391,0-0
channel-0,171926,25127803,2025-04-04T02:24:48.009969,3916uatom,,transfer,channel-391,0-0
channel-0,4108869,25127802,2025-04-04T02:24:42.030629,2310uatom,,transfer,channel-141,0-0
channel-0,4108868,25127796,2025-04-04T02:24:08.613671,2297uatom,,transfer,channel-141,0-0
channel-1,179918,25127791,2025-04-04T02:23:42.253935,3101uatom,,transfer,channel-569,0-0
channel-0,14081,25127787,2025-04-04T02:23:17.957253,2762uatom,,transfer,channel-339,0-0
channel-0,14081,25127787,2025-04-04T02:23:17.957253,2330uatom,,transfer,channel-339,0-0
channel-0,14081,25127787,2025-04-04T02:23:17.957253,398uatom,,transfer,channel-339,0-0
channel-8,3096,25127783,2025-04-04T02:22:57.821361,1340uatom,,icacontroller-reward-uatom,channel-863,0-0
channel-0,4108866,25127774,2025-04-04T02:22:04.819342,2328uatom,,transfer,channel-141,0-0
channel-0,4108866,25127774,2025-04-04T02:22:04.819342,1517uatom,,transfer,channel-141,0-0
channel-1,96222,25127774,2025-04-04T02:22:04.819342,1517uatom,,transfer,channel-220,0-0
channel-0,4108866,25127774,2025-04-04T02:22:04.819342,2301uatom,,transfer,channel-141,0-0
channel-1,96222,25127774,2025-04-04T02:22:04.819342,2301uatom,,transfer,channel-220,0-0
channel-0,4108867,25127774,2025-04-04T02:22:04.819342,2301uatom,,transfer,channel-141,0-0
channel-0,4108865,25127771,2025-04-04T02:21:46.383079,2481uatom,,transfer,channel-141,0-0
channel-0,4108864,25127763,2025-04-04T02:20:57.135384,2274uatom,,transfer,channel-141,4-25127910
channel-0,4108864,25127763,2025-04-04T02:20:57.135384,2348uatom,,transfer,channel-141,4-25127910
channel-0,4108863,25127761,2025-04-04T02:20:45.245447,2292uatom,,transfer,channel-141,4-25127909
channel-0,4108863,25127761,2025-04-04T02:20:45.245447,56155uatom,,transfer,channel-141,4-25127909
channel-20,3122,25127761,2025-04-04T02:20:45.245447,56155uatom,,icacontroller-delegation-uatom,channel-891,0-0
channel-0,4108862,25127760,2025-04-04T02:20:39.176672,2635uatom,,transfer,channel-141,0-0
channel-0,4108862,25127760,2025-04-04T02:20:39.176672,486uatom,,transfer,channel-141,0-0
channel-0,4108862,25127760,2025-04-04T02:20:39.176672,2144uatom,,transfer,channel-141,0-0
channel-0,4108862,25127760,2025-04-04T02:20:39.176672,367uatom,,transfer,channel-141,0-0
channel-0,108787,25127758,2025-04-04T02:20:31.136857,1735uatom,,transfer,channel-343,0-0
channel-0,4108861,25127756,2025-04-04T02:20:18.841575,2283uatom,,transfer,channel-141,0-0
channel-0,14080,25127752,2025-04-04T02:19:56.743269,2733uatom,,transfer,channel-339,0-0
channel-0,14080,25127752,2025-04-04T02:19:56.743269,2449uatom,,transfer,channel-339,0-0
channel-0,14080,25127752,2025-04-04T02:19:56.743269,486uatom,,transfer,channel-339,0-0
channel-146,1744371,25127748,2025-04-04T02:19:31.215664,2415uatom,,consumer,channel-635,0-0
channel-146,1744371,25127748,2025-04-04T02:19:31.215664,395uatom,,consumer,channel-635,0-0
channel-1,179915,25127747,2025-04-04T02:19:25.051543,3634uatom,,transfer,channel-569,0-0
channel-1,179916,25127747,2025-04-04T02:19:25.051543,3634uatom,,transfer,channel-569,0-0
channel-1,179917,25127747,2025-04-04T02:19:25.051543,3634uatom,,transfer,channel-569,0-0
channel-1,179915,25127747,2025-04-04T02:19:25.051543,636uatom,,transfer,channel-569,0-0
channel-1,179916,25127747,2025-04-04T02:19:25.051543,636uatom,,transfer,channel-569,0-0
channel-1,179917,25127747,2025-04-04T02:19:25.051543,636uatom,,transfer,channel-569,0-0
channel-1,179915,25127747,2025-04-04T02:19:25.051543,2538uatom,,transfer,channel-569,0-0
channel-1,179916,25127747,2025-04-04T02:19:25.051543,2538uatom,,transfer,channel-569,0-0
channel-1,179917,25127747,2025-04-04T02:19:25.051543,2538uatom,,transfer,channel-569,0-0
channel-0,4108860,25127747,2025-04-04T02:19:25.051543,2538uatom,,transfer,channel-141,4-25127894
channel-1,179915,25127747,2025-04-04T02:19:25.051543,414uatom,,transfer,channel-569,0-0
channel-1,179916,25127747,2025-04-04T02:19:25.051543,414uatom,,transfer,channel-569,0-0
channel-1,179917,25127747,2025-04-04T02:19:25.051543,414uatom,,transfer,channel-569,0-0
channel-0,4108860,25127747,2025-04-04T02:19:25.051543,414uatom,,transfer,channel-141,4-25127894
channel-15,64609,25127745,2025-04-04T02:19:12.420458,2070uatom,,transfer,channel-301,0-0
channel-0,4108859,25127744,2025-04-04T02:19:06.141224,2279uatom,,transfer,channel-141,0-0
channel-0,4108859,25127744,2025-04-04T02:19:06.141224,638uatom,,transfer,channel-141,0-0
channel-15,64608,25127741,2025-04-04T02:18:47.704129,1701uatom,,transfer,channel-301,0-0
channel-15,64608,25127741,2025-04-04T02:18:47.704129,416uatom,,transfer,channel-301,0-0
channel-1,179914,25127733,2025-04-04T02:17:57.625480,2855uatom,,transfer,channel-569,0-0
channel-0,4108858,25127732,2025-04-04T02:17:51.606602,2297uatom,,transfer,channel-141,0-0
channel-0,4108858,25127732,2025-04-04T02:17:51.606602,646uatom,,transfer,channel-141,0-0
channel-0,4108858,25127732,2025-04-04T02:17:51.606602,367uatom,,transfer,channel-141,0-0
channel-0,4108858,25127732,2025-04-04T02:17:51.606602,2118uatom,,transfer,channel-141,0-0
channel-0,41283,25127730,2025-04-04T02:17:39.542122,2056uatom,,transfer,channel-235,0-0
channel-0,41283,25127730,2025-04-04T02:17:39.542122,2752uatom,,transfer,channel-235,0-0
channel-0,41283,25127730,2025-04-04T02:17:39.542122,2722uatom,,transfer,channel-235,0-0
channel-1,30531,25127729,2025-04-04T02:17:33.484564,2703uatom,,transfer,channel-794,0-0
channel-1,30531,25127729,2025-04-04T02:17:33.484564,638uatom,,transfer,channel-794,0-0
channel-1,30531,25127729,2025-04-04T02:17:33.484564,2091uatom,,transfer,channel-794,0-0
channel-0,18276,25127728,2025-04-04T02:17:31.431395,1230uatom,,transfer,channel-859,4-25127873
channel-0,18276,25127728,2025-04-04T02:17:31.431395,2303uatom,,transfer,channel-859,4-25127873
channel-1,179913,25127727,2025-04-04T02:17:27.506349,2571uatom,,transfer,channel-569,0-0
channel-1,179912,25127726,2025-04-04T02:17:21.453435,2905uatom,,transfer,channel-569,0-0
channel-1,179912,25127726,2025-04-04T02:17:21.453435,2984uatom,,transfer,channel-569,0-0
channel-1,179911,25127726,2025-04-04T02:17:21.453435,2984uatom,,transfer,channel-569,0-0
channel-1,179912,25127726,2025-04-04T02:17:21.453435,367uatom,,transfer,channel-569,0-0
channel-1,179911,25127726,2025-04-04T02:17:21.453435,367uatom,,transfer,channel-569,0-0
channel-0,4108857,25127725,2025-04-04T02:17:15.360493,2305uatom,,transfer,channel-141,0-0
channel-9,13860,25127723,2025-04-04T02:17:03.182816,1985uatom,,transfer,channel-660,0-0
channel-0,4108856,25127715,2025-04-04T02:16:19.626491,2297uatom,,transfer,channel-141,0-0
channel-0,14079,25127710,2025-04-04T02:15:49.531687,2716uatom,,transfer,channel-339,0-0
channel-0,14079,25127710,2025-04-04T02:15:49.531687,2096uatom,,transfer,channel-339,0-0
channel-0,14078,25127707,2025-04-04T02:15:31.574762,2625uatom,,transfer,channel-339,0-0
channel-0,14078,25127707,2025-04-04T02:15:31.574762,2283uatom,,transfer,channel-339,0-0
channel-1,185501,25127707,2025-04-04T02:15:31.574762,2283uatom,,transfer,channel-207,0-0
channel-0,14078,25127707,2025-04-04T02:15:31.574762,367uatom,,transfer,channel-339,0-0
channel-1,185501,25127707,2025-04-04T02:15:31.574762,367uatom,,transfer,channel-207,0-0
channel-0,14078,25127707,2025-04-04T02:15:31.574762,2694uatom,,transfer,channel-339,0-0
channel-1,185501,25127707,2025-04-04T02:15:31.574762,2694uatom,,transfer,channel-207,0-0
channel-1,30530,25127707,2025-04-04T02:15:31.574762,2694uatom,,transfer,channel-794,0-0
channel-0,14078,25127707,2025-04-04T02:15:31.574762,2118uatom,,transfer,channel-339,0-0
channel-1,185501,25127707,2025-04-04T02:15:31.574762,2118uatom,,transfer,channel-207,0-0
channel-1,30530,25127707,2025-04-04T02:15:31.574762,2118uatom,,transfer,channel-794,0-0
channel-0,14078,25127707,2025-04-04T02:15:31.574762,2278uatom,,transfer,channel-339,0-0
channel-1,185501,25127707,2025-04-04T02:15:31.574762,2278uatom,,transfer,channel-207,0-0
channel-1,30530,25127707,2025-04-04T02:15:31.574762,2278uatom,,transfer,channel-794,0-0
channel-0,4108855,25127707,2025-04-04T02:15:31.574762,2278uatom,,transfer,channel-141,0-0
channel-1,179910,25127706,2025-04-04T02:15:25.535788,3142uatom,,transfer,channel-569,0-0
channel-1,179910,25127706,2025-04-04T02:15:25.535788,421uatom,,transfer,channel-569,0-0
channel-1,179910,25127706,2025-04-04T02:15:25.535788,421uatom,,transfer,channel-569,0-0
channel-1,179910,25127706,2025-04-04T02:15:25.535788,771uatom,,transfer,channel-569,0-0
channel-0,4108854,25127705,2025-04-04T02:15:19.575654,2288uatom,,transfer,channel-141,0-0
channel-0,4108854,25127705,2025-04-04T02:15:19.575654,1976uatom,,transfer,channel-141,0-0
channel-9,13859,25127705,2025-04-04T02:15:19.575654,1976uatom,,transfer,channel-660,0-0
channel-0,4108854,25127705,2025-04-04T02:15:19.575654,414uatom,,transfer,channel-141,0-0
channel-9,13859,25127705,2025-04-04T02:15:19.575654,414uatom,,transfer,channel-660,0-0
channel-0,14077,25127694,2025-04-04T02:14:17.413982,2712uatom,,transfer,channel-339,0-0
channel-0,14077,25127694,2025-04-04T02:14:17.413982,1202uatom,,transfer,channel-339,0-0
channel-0,4108853,25127683,2025-04-04T02:13:10.589417,2292uatom,,transfer,channel-141,0-0
channel-0,4108853,25127683,2025-04-04T02:13:10.589417,9194uatom,,transfer,channel-141,0-0
channel-0,4108853,25127683,2025-04-04T02:13:10.589417,417uatom,,transfer,channel-141,0-0
channel-0,108786,25127679,2025-04-04T02:12:46.160364,1649uatom,,transfer,channel-343,0-0
channel-1,163707,25127674,2025-04-04T02:12:17.768352,1160uatom,,transfer,channel-326,4-25128547
channel-0,18275,25127672,2025-04-04T02:12:05.700672,1226uatom,,transfer,channel-859,4-25127816
channel-0,18275,25127672,2025-04-04T02:12:05.700672,366uatom,,transfer,channel-859,4-25127816
channel-0,4108852,25127671,2025-04-04T02:11:59.711878,2324uatom,,transfer,channel-141,0-0
channel-0,4108852,25127671,2025-04-04T02:11:59.711878,2100uatom,,transfer,channel-141,0-0
channel-9,13858,25127667,2025-04-04T02:11:35.116895,1971uatom,,transfer,channel-660,0-0
channel-9,13858,25127667,2025-04-04T02:11:35.116895,421uatom,,transfer,channel-660,0-0
channel-9,13858,25127667,2025-04-04T02:11:35.116895,395uatom,,transfer,channel-660,0-0
channel-1,179909,25127664,2025-04-04T02:11:20.994548,2484uatom,,transfer,channel-569,4-25128659
channel-3,6001,25127658,2025-04-04T02:10:44.156358,1624uatom,,transfer,channel-1252,0-0
channel-3,6001,25127658,2025-04-04T02:10:44.156358,3402uatom,,transfer,channel-1252,0-0
channel-3,6001,25127658,2025-04-04T02:10:44.156358,2379uatom,,transfer,channel-1252,0-0
channel-0,4108851,25127657,2025-04-04T02:10:38.007192,2278uatom,,transfer,channel-141,0-0
channel-0,4108851,25127657,2025-04-04T02:10:38.007192,638uatom,,transfer,channel-141,0-0
channel-1,179907,25127656,2025-04-04T02:10:31.801702,2731uatom,,transfer,channel-569,0-0
channel-1,179907,25127656,2025-04-04T02:10:31.801702,2857uatom,,transfer,channel-569,0-0
channel-1,179908,25127656,2025-04-04T02:10:31.801702,2857uatom,,transfer,channel-569,0-0
channel-1,179907,25127656,2025-04-04T02:10:31.801702,1939uatom,,transfer,channel-569,0-0
channel-1,179908,25127656,2025-04-04T02:10:31.801702,1939uatom,,transfer,channel-569,0-0
channel-0,43202,25127656,2025-04-04T02:10:31.801702,1939uatom,,transfer,channel-277,4-25128135
channel-1,179907,25127656,2025-04-04T02:10:31.801702,421uatom,,transfer,channel-569,0-0
channel-1,179908,25127656,2025-04-04T02:10:31.801702,421uatom,,transfer,channel-569,0-0
channel-0,43202,25127656,2025-04-04T02:10:31.801702,421uatom,,transfer,channel-277,4-25128135
channel-0,4108850,25127654,2025-04-04T02:10:19.743226,2280uatom,,transfer,channel-141,0-0
channel-0,4108850,25127654,2025-04-04T02:10:19.743226,3382uatom,,transfer,channel-141,0-0
channel-0,14076,25127646,2025-04-04T02:09:32.894469,2333uatom,,transfer,channel-339,0-0
channel-0,14076,25127646,2025-04-04T02:09:32.894469,637uatom,,transfer,channel-339,0-0
channel-0,14076,25127646,2025-04-04T02:09:32.894469,2436uatom,,transfer,channel-339,0-0
channel-0,14076,25127646,2025-04-04T02:09:32.894469,33565uatom,,transfer,channel-339,0-0
channel-0,14076,25127646,2025-04-04T02:09:32.894469,366uatom,,transfer,channel-339,0-0
channel-0,14075,25127643,2025-04-04T02:09:14.902086,2605uatom,,transfer,channel-339,0-0
channel-0,14075,25127643,2025-04-04T02:09:14.902086,2071uatom,,transfer,channel-339,0-0
channel-0,41282,25127643,2025-04-04T02:09:14.902086,2071uatom,,transfer,channel-235,0-0
channel-0,14075,25127643,2025-04-04T02:09:14.902086,2294uatom,,transfer,channel-339,0-0
channel-0,41282,25127643,2025-04-04T02:09:14.902086,2294uatom,,transfer,channel-235,0-0
channel-0,4108849,25127643,2025-04-04T02:09:14.902086,2294uatom,,transfer,channel-141,0-0
channel-0,14075,25127643,2025-04-04T02:09:14.902086,636uatom,,transfer,channel-339,0-0
channel-0,41282,25127643,2025-04-04T02:09:14.902086,636uatom,,transfer,channel-235,0-0
channel-0,4108849,25127643,2025-04-04T02:09:14.902086,636uatom,,transfer,channel-141,0-0
channel-9,13857,25127641,2025-04-04T02:09:02.534589,1579uatom,,transfer,channel-660,0-0
channel-9,13857,25127641,2025-04-04T02:09:02.534589,2163uatom,,transfer,channel-660,0-0
channel-0,14074,25127640,2025-04-04T02:08:56.502051,2621uatom,,transfer,channel-339,0-0
channel-0,14074,25127640,2025-04-04T02:08:56.502051,2427uatom,,transfer,channel-339,0-0
channel-0,14074,25127640,2025-04-04T02:08:56.502051,416uatom,,transfer,channel-339,0-0
channel-1,179906,25127639,2025-04-04T02:08:49.215000,2848uatom,,transfer,channel-569,0-0
channel-1,179905,25127638,2025-04-04T02:08:43.074644,3083uatom,,transfer,channel-569,0-0
channel-1,96221,25127637,2025-04-04T02:08:37.192955,1510uatom,,transfer,channel-220,0-0
channel-0,4108848,25127633,2025-04-04T02:08:16.728185,2297uatom,,transfer,channel-141,0-0
channel-0,4108848,25127633,2025-04-04T02:08:16.728185,1497uatom,,transfer,channel-141,0-0
channel-0,4108848,25127633,2025-04-04T02:08:16.728185,878uatom,,transfer,channel-141,0-0
channel-0,4108848,25127633,2025-04-04T02:08:16.728185,2790uatom,,transfer,channel-141,0-0
channel-0,4108847,25127629,2025-04-04T02:07:52.167314,2288uatom,,transfer,channel-141,0-0
channel-0,4108846,25127627,2025-04-04T02:07:42.198344,2314uatom,,transfer,channel-141,0-0
channel-0,4108846,25127627,2025-04-04T02:07:42.198344,421uatom,,transfer,channel-141,0-0
channel-0,4108846,25127627,2025-04-04T02:07:42.198344,1384uatom,,transfer,channel-141,0-0
channel-0,108785,25127627,2025-04-04T02:07:42.198344,1384uatom,,transfer,channel-343,0-0
channel-3,6000,25127625,2025-04-04T02:07:30.085222,1601uatom,,transfer,channel-1252,0-0
channel-15,64607,25127624,2025-04-04T02:07:23.875462,1709uatom,,transfer,channel-301,0-0
channel-15,64607,25127624,2025-04-04T02:07:23.875462,365uatom,,transfer,channel-301,0-0
channel-15,64607,25127624,2025-04-04T02:07:23.875462,2595uatom,,transfer,channel-301,0-0
channel-0,14073,25127624,2025-04-04T02:07:23.875462,2595uatom,,transfer,channel-339,0-0
channel-15,64607,25127624,2025-04-04T02:07:23.875462,3782uatom,,transfer,channel-301,0-0
channel-0,14073,25127624,2025-04-04T02:07:23.875462,3782uatom,,transfer,channel-339,0-0
channel-15,64607,25127624,2025-04-04T02:07:23.875462,2613uatom,,transfer,channel-301,0-0
channel-0,14073,25127624,2025-04-04T02:07:23.875462,2613uatom,,transfer,channel-339,0-0
channel-1,30529,25127624,2025-04-04T02:07:23.875462,2613uatom,,transfer,channel-794,0-0
channel-0,4108845,25127623,2025-04-04T02:07:17.697699,2318uatom,,transfer,channel-141,0-0
channel-0,18274,25127612,2025-04-04T02:06:10.801614,1567uatom,,transfer,channel-859,4-25127759
channel-0,4108844,25127608,2025-04-04T02:05:45.942401,2270uatom,,transfer,channel-141,0-0
channel-0,108784,25127596,2025-04-04T02:04:40.704277,1726uatom,,transfer,channel-343,0-0
channel-0,108784,25127596,2025-04-04T02:04:40.704277,2297uatom,,transfer,channel-343,0-0
channel-0,18273,25127594,2025-04-04T02:04:28.364231,1221uatom,,transfer,channel-859,4-25127739
channel-0,18273,25127594,2025-04-04T02:04:28.364231,2182uatom,,transfer,channel-859,4-25127739
channel-0,18273,25127594,2025-04-04T02:04:28.364231,2123uatom,,transfer,channel-859,4-25127739
channel-0,4108843,25127592,2025-04-04T02:04:16.238273,2305uatom,,transfer,channel-141,0-0
channel-0,4108843,25127592,2025-04-04T02:04:16.238273,3829uatom,,transfer,channel-141,0-0
channel-0,4108843,25127592,2025-04-04T02:04:16.238273,2366uatom,,transfer,channel-141,0-0
channel-24,47635,25127592,2025-04-04T02:04:16.238273,2366uatom,,transfer,channel-190,4-25128525
channel-0,4108842,25127591,2025-04-04T02:04:10.123372,2642uatom,,transfer,channel-141,4-25127737
channel-0,4108841,25127582,2025-04-04T02:03:15.241739,2285uatom,,transfer,channel-141,0-0
channel-0,4108841,25127582,2025-04-04T02:03:15.241739,416uatom,,transfer,channel-141,0-0
channel-0,4108841,25127582,2025-04-04T02:03:15.241739,416uatom,,transfer,channel-141,0-0
channel-0,4108840,25127575,2025-04-04T02:02:33.930452,2278uatom,,transfer,channel-141,4-25128569
channel-0,4108840,25127575,2025-04-04T02:02:33.930452,422uatom,,transfer,channel-141,4-25128569
channel-1,96220,25127568,2025-04-04T02:01:55.828447,1789uatom,,transfer,channel-220,0-0
channel-1,96220,25127568,2025-04-04T02:01:55.828447,3275uatom,,transfer,channel-220,0-0
channel-1,96220,25127568,2025-04-04T02:01:55.828447,2292uatom,,transfer,channel-220,0-0
channel-0,4108839,25127568,2025-04-04T02:01:55.828447,2292uatom,,transfer,channel-141,0-0
channel-0,108783,25127560,2025-04-04T02:01:07.153548,1733uatom,,transfer,channel-343,0-0
channel-0,108783,25127560,2025-04-04T02:01:07.153548,1551uatom,,transfer,channel-343,0-0
channel-1,10330,25127560,2025-04-04T02:01:07.153548,1551uatom,,transfer,channel-1266,0-0
channel-0,108783,25127560,2025-04-04T02:01:07.153548,708uatom,,transfer,channel-343,0-0
channel-1,10330,25127560,2025-04-04T02:01:07.153548,708uatom,,transfer,channel-1266,0-0
channel-0,108783,25127560,2025-04-04T02:01:07.153548,421uatom,,transfer,channel-343,0-0
channel-1,10330,25127560,2025-04-04T02:01:07.153548,421uatom,,transfer,channel-1266,0-0
channel-0,108783,25127560,2025-04-04T02:01:07.153548,414uatom,,transfer,channel-343,0-0
channel-1,10330,25127560,2025-04-04T02:01:07.153548,414uatom,,transfer,channel-1266,0-0
channel-0,4108838,25127559,2025-04-04T02:01:01.032907,2288uatom,,transfer,channel-141,0-0
channel-0,4108838,25127559,2025-04-04T02:01:01.032907,414uatom,,transfer,channel-141,0-0
channel-0,4108838,25127559,2025-04-04T02:01:01.032907,421uatom,,transfer,channel-141,0-0
channel-0,4108838,25127559,2025-04-04T02:01:01.032907,2744uatom,,transfer,channel-141,0-0
channel-0,108782,25127550,2025-04-04T02:00:08.133798,1391uatom,,transfer,channel-343,0-0
channel-0,108782,25127550,2025-04-04T02:00:08.133798,416uatom,,transfer,channel-343,0-0
channel-0,4108837,25127547,2025-04-04T01:59:49.809430,2292uatom,,transfer,channel-141,4-25127694
channel-0,4108837,25127547,2025-04-04T01:59:49.809430,2065uatom,,transfer,channel-141,4-25127694
channel-0,108780,25127545,2025-04-04T01:59:37.840922,1392uatom,,transfer,channel-343,0-0
channel-0,108780,25127545,2025-04-04T01:59:37.840922,638uatom,,transfer,channel-343,0-0
channel-0,108780,25127545,2025-04-04T01:59:37.840922,1662uatom,,transfer,channel-343,0-0
channel-0,108781,25127545,2025-04-04T01:59:37.840922,1662uatom,,transfer,channel-343,0-0
channel-0,108780,25127545,2025-04-04T01:59:37.840922,1909uatom,,transfer,channel-343,0-0
channel-0,108781,25127545,2025-04-04T01:59:37.840922,1909uatom,,transfer,channel-343,0-0
channel-0,108780,25127545,2025-04-04T01:59:37.840922,412uatom,,transfer,channel-343,0-0
channel-0,108781,25127545,2025-04-04T01:59:37.840922,412uatom,,transfer,channel-343,0-0
channel-0,108778,25127544,2025-04-04T01:59:31.719671,1382uatom,,transfer,channel-343,0-0
channel-0,108778,25127544,2025-04-04T01:59:31.719671,3322uatom,,transfer,channel-343,0-0
channel-0,108778,25127544,2025-04-04T01:59:31.719671,638uatom,,transfer,channel-343,0-0
channel-0,108778,25127544,2025-04-04T01:59:31.719671,1749uatom,,transfer,channel-343,0-0
channel-0,108779,25127544,2025-04-04T01:59:31.719671,1749uatom,,transfer,channel-343,0-0
channel-0,108777,25127541,2025-04-04T01:59:13.260081,1746uatom,,transfer,channel-343,0-0
channel-0,108776,25127537,2025-04-04T01:58:52.797755,1396uatom,,transfer,channel-343,0-0
channel-0,108774,25127534,2025-04-04T01:58:34.766438,1740uatom,,transfer,channel-343,0-0
channel-0,108774,25127534,2025-04-04T01:58:34.766438,638uatom,,transfer,channel-343,0-0
channel-0,108774,25127534,2025-04-04T01:58:34.766438,1730uatom,,transfer,channel-343,0-0
channel-0,108775,25127534,2025-04-04T01:58:34.766438,1730uatom,,transfer,channel-343,0-0
channel-0,108773,25127533,2025-04-04T01:58:28.746483,1389uatom,,transfer,channel-343,0-0
channel-0,4108836,25127524,2025-04-04T01:57:35.290072,2614uatom,,transfer,channel-141,0-0
channel-0,4108836,25127524,2025-04-04T01:57:35.290072,638uatom,,transfer,channel-141,0-0
channel-0,4108836,25127524,2025-04-04T01:57:35.290072,1180uatom,,transfer,channel-141,0-0
channel-0,4108836,25127524,2025-04-04T01:57:35.290072,422uatom,,transfer,channel-141,0-0
channel-1,179904,25127523,2025-04-04T01:57:29.289036,2431uatom,,transfer,channel-569,0-0
channel-1,179904,25127523,2025-04-04T01:57:29.289036,2407uatom,,transfer,channel-569,0-0
channel-0,4108835,25127520,2025-04-04T01:57:11.066419,2291uatom,,transfer,channel-141,4-25127667
channel-24,47634,25127517,2025-04-04T01:56:52.858940,2303uatom,,transfer,channel-190,4-25127663
channel-24,47633,25127508,2025-04-04T01:56:02.437900,2605uatom,,transfer,channel-190,4-25128471
channel-24,47633,25127508,2025-04-04T01:56:02.437900,414uatom,,transfer,channel-190,4-25128471
channel-24,47633,25127508,2025-04-04T01:56:02.437900,2082uatom,,transfer,channel-190,4-25128471
channel-1,96219,25127501,2025-04-04T01:55:23.434330,1523uatom,,transfer,channel-220,0-0
channel-0,4108834,25127499,2025-04-04T01:55:13.364853,2274uatom,,transfer,channel-141,4-25127646
channel-0,4108833,25127479,2025-04-04T01:53:15.093852,2288uatom,,transfer,channel-141,0-0
channel-1,163706,25127471,2025-04-04T01:52:34.842495,1143uatom,,transfer,channel-326,4-25128276
channel-1,163706,25127471,2025-04-04T01:52:34.842495,2402uatom,,transfer,channel-326,4-25128276
channel-0,4108832,25127470,2025-04-04T01:52:28.310915,2635uatom,,transfer,channel-141,0-0
channel-0,4108832,25127470,2025-04-04T01:52:28.310915,2161uatom,,transfer,channel-141,0-0
channel-0,4108832,25127470,2025-04-04T01:52:28.310915,365uatom,,transfer,channel-141,0-0
channel-0,4108831,25127463,2025-04-04T01:51:44.791287,2291uatom,,transfer,channel-141,4-25127609
channel-0,4108831,25127463,2025-04-04T01:51:44.791287,3551uatom,,transfer,channel-141,4-25127609
channel-0,4108831,25127463,2025-04-04T01:51:44.791287,3551uatom,,transfer,channel-141,4-25127609
channel-15,64606,25127446,2025-04-04T01:50:06.818095,1657uatom,,transfer,channel-301,0-0
channel-15,64606,25127446,2025-04-04T01:50:06.818095,422uatom,,transfer,channel-301,0-0
channel-15,64606,25127446,2025-04-04T01:50:06.818095,486uatom,,transfer,channel-301,0-0
channel-24,47632,25127435,2025-04-04T01:49:02.052323,2284uatom,,transfer,channel-190,4-25127582
channel-1,179903,25127427,2025-04-04T01:48:15.899859,2490uatom,,transfer,channel-569,0-0
channel-1,179902,25127407,2025-04-04T01:46:17.803209,2935uatom,,transfer,channel-569,0-0
channel-1,179902,25127407,2025-04-04T01:46:17.803209,5526uatom,,transfer,channel-569,0-0
channel-4772,4753,25127403,2025-04-04T01:45:53.455160,2716uatom,,icacontroller-neutron1e8x80ytpu5dxghsh4jx5d96dyulvvmfjk0da0flurtfwgq37d8ws7a9du4.drop_PUMP,channel-962,0-0
channel-4772,4753,25127403,2025-04-04T01:45:53.455160,2306uatom,,icacontroller-neutron1e8x80ytpu5dxghsh4jx5d96dyulvvmfjk0da0flurtfwgq37d8ws7a9du4.drop_PUMP,channel-962,0-0
channel-0,4108830,25127403,2025-04-04T01:45:53.455160,2306uatom,,transfer,channel-141,0-0
channel-0,14072,25127402,2025-04-04T01:45:47.356627,2707uatom,,transfer,channel-339,0-0
channel-0,14072,25127402,2025-04-04T01:45:47.356627,462uatom,,transfer,channel-339,0-0
channel-0,14072,25127402,2025-04-04T01:45:47.356627,466uatom,,transfer,channel-339,0-0
channel-0,14072,25127402,2025-04-04T01:45:47.356627,2596uatom,,transfer,channel-339,0-0
channel-0,4108829,25127398,2025-04-04T01:45:25.124689,2291uatom,,transfer,channel-141,4-25127545
channel-4773,3915,25127395,2025-04-04T01:45:06.441718,6437uatom,,icacontroller-neutron15v5acjfttf3umzatmj7rqfjy6yzcgekh266ehjsxclvaem0hpd7q9qpscr.DROP,channel-964,0-0
channel-4773,3915,25127395,2025-04-04T01:45:06.441718,3662uatom,,icacontroller-neutron15v5acjfttf3umzatmj7rqfjy6yzcgekh266ehjsxclvaem0hpd7q9qpscr.DROP,channel-964,0-0
channel-4773,3915,25127395,2025-04-04T01:45:06.441718,2626uatom,,icacontroller-neutron15v5acjfttf3umzatmj7rqfjy6yzcgekh266ehjsxclvaem0hpd7q9qpscr.DROP,channel-964,0-0
channel-4773,3915,25127395,2025-04-04T01:45:06.441718,484uatom,,icacontroller-neutron15v5acjfttf3umzatmj7rqfjy6yzcgekh266ehjsxclvaem0hpd7q9qpscr.DROP,channel-964,0-0
channel-4773,3915,25127395,2025-04-04T01:45:06.441718,3551uatom,,icacontroller-neutron15v5acjfttf3umzatmj7rqfjy6yzcgekh266ehjsxclvaem0hpd7q9qpscr.DROP,channel-964,0-0
channel-0,4108828,25127392,2025-04-04T01:44:47.949565,2292uatom,,transfer,channel-141,0-0
channel-0,4108828,25127392,2025-04-04T01:44:47.949565,2515uatom,,transfer,channel-141,0-0
channel-0,4108828,25127392,2025-04-04T01:44:47.949565,414uatom,,transfer,channel-141,0-0
channel-0,4108827,25127390,2025-04-04T01:44:35.807246,2275uatom,,transfer,channel-141,0-0
channel-1,179901,25127385,2025-04-04T01:44:05.656429,2446uatom,,transfer,channel-569,0-0
channel-0,4108826,25127382,2025-04-04T01:43:47.377776,2292uatom,,transfer,channel-141,0-0
channel-0,4108825,25127376,2025-04-04T01:43:14.725375,2310uatom,,transfer,channel-141,4-25127522
channel-0,4108825,25127376,2025-04-04T01:43:14.725375,4926uatom,,transfer,channel-141,4-25127522
channel-0,4108824,25127375,2025-04-04T01:43:10.731620,2301uatom,,transfer,channel-141,0-0
channel-1,179900,25127374,2025-04-04T01:43:04.728422,2408uatom,,transfer,channel-569,0-0
channel-1,179900,25127374,2025-04-04T01:43:04.728422,993uatom,,transfer,channel-569,0-0
channel-97,2322,25127374,2025-04-04T01:43:04.728422,993uatom,,consumer,channel-1263,0-0
channel-0,4108823,25127371,2025-04-04T01:42:46.771362,2300uatom,,transfer,channel-141,4-25127519
channel-0,4108823,25127371,2025-04-04T01:42:46.771362,416uatom,,transfer,channel-141,4-25127519
channel-0,4108822,25127370,2025-04-04T01:42:40.602250,2295uatom,,transfer,channel-141,4-25128367
channel-0,4108822,25127370,2025-04-04T01:42:40.602250,414uatom,,transfer,channel-141,4-25128367
channel-0,2290,25127369,2025-04-04T01:42:34.499400,1204uatom,,consumer,channel-1265,0-0
channel-0,2065048,25127368,2025-04-04T01:42:28.417555,2330uatom,,consumer,channel-568,0-0
channel-0,4108821,25127366,2025-04-04T01:42:16.407281,2288uatom,,transfer,channel-141,0-0
channel-0,4108821,25127366,2025-04-04T01:42:16.407281,3308uatom,,transfer,channel-141,0-0
channel-0,4108821,25127366,2025-04-04T01:42:16.407281,421uatom,,transfer,channel-141,0-0
channel-1,96218,25127364,2025-04-04T01:42:04.135678,1591uatom,,transfer,channel-220,0-0
channel-1,96218,25127364,2025-04-04T01:42:04.135678,4043uatom,,transfer,channel-220,0-0
channel-1,96217,25127360,2025-04-04T01:41:40.075532,1709uatom,,transfer,channel-220,0-0
channel-1,96217,25127360,2025-04-04T01:41:40.075532,2074uatom,,transfer,channel-220,0-0
channel-1,96217,25127360,2025-04-04T01:41:40.075532,414uatom,,transfer,channel-220,0-0
channel-1,96216,25127351,2025-04-04T01:40:46.717994,1627uatom,,transfer,channel-220,0-0
channel-1,96216,25127351,2025-04-04T01:40:46.717994,2606uatom,,transfer,channel-220,0-0
channel-0,4108820,25127342,2025-04-04T01:39:57.912348,2476uatom,,transfer,channel-141,4-25127489
channel-0,4108819,25127335,2025-04-04T01:39:15.371209,2292uatom,,transfer,channel-141,0-0
channel-0,4108819,25127335,2025-04-04T01:39:15.371209,421uatom,,transfer,channel-141,0-0
channel-0,4108818,25127331,2025-04-04T01:38:51.008340,2283uatom,,transfer,channel-141,0-0
channel-0,4108818,25127331,2025-04-04T01:38:51.008340,697uatom,,transfer,channel-141,0-0
channel-0,4108818,25127331,2025-04-04T01:38:51.008340,2467uatom,,transfer,channel-141,0-0
channel-299,13239,25127329,2025-04-04T01:38:38.716112,6665uatom,,icacontroller-cosmoshub-4.DELEGATION,channel-1301,0-0
channel-299,13239,25127329,2025-04-04T01:38:38.716112,2297uatom,,icacontroller-cosmoshub-4.DELEGATION,channel-1301,0-0
channel-0,171923,25127327,2025-04-04T01:38:26.274305,2523uatom,,transfer,channel-391,0-0
channel-0,171923,25127327,2025-04-04T01:38:26.274305,3551uatom,,transfer,channel-391,0-0
channel-0,171923,25127327,2025-04-04T01:38:26.274305,2628uatom,,transfer,channel-391,0-0
channel-0,4108817,25127326,2025-04-04T01:38:20.201535,2306uatom,,transfer,channel-141,0-0
channel-24,47631,25127315,2025-04-04T01:37:19.209708,2325uatom,,transfer,channel-190,0-0
channel-0,4108816,25127310,2025-04-04T01:36:48.260433,2323uatom,,transfer,channel-141,4-25127457
channel-0,171919,25127308,2025-04-04T01:36:35.942659,4331uatom,,transfer,channel-391,0-0
channel-0,171920,25127308,2025-04-04T01:36:35.942659,4331uatom,,transfer,channel-391,0-0
channel-0,171921,25127308,2025-04-04T01:36:35.942659,4331uatom,,transfer,channel-391,0-0
channel-0,171922,25127308,2025-04-04T01:36:35.942659,4331uatom,,transfer,channel-391,0-0
channel-0,171919,25127308,2025-04-04T01:36:35.942659,4270uatom,,transfer,channel-391,0-0
channel-0,171920,25127308,2025-04-04T01:36:35.942659,4270uatom,,transfer,channel-391,0-0
channel-0,171921,25127308,2025-04-04T01:36:35.942659,4270uatom,,transfer,channel-391,0-0
channel-0,171922,25127308,2025-04-04T01:36:35.942659,4270uatom,,transfer,channel-391,0-0
channel-0,4108815,25127298,2025-04-04T01:35:37.981186,2306uatom,,transfer,channel-141,0-0
channel-0,4108815,25127298,2025-04-04T01:35:37.981186,3551uatom,,transfer,channel-141,0-0
channel-1,163705,25127270,2025-04-04T01:32:51.499299,1056uatom,,transfer,channel-326,4-25128209
channel-1,163705,25127270,2025-04-04T01:32:51.499299,414uatom,,transfer,channel-326,4-25128209
channel-0,4108814,25127260,2025-04-04T01:31:54.842965,2293uatom,,transfer,channel-141,0-0
channel-0,4108814,25127260,2025-04-04T01:31:54.842965,2207uatom,,transfer,channel-141,0-0
channel-0,4108814,25127260,2025-04-04T01:31:54.842965,3551uatom,,transfer,channel-141,0-0
channel-239,16486,25127258,2025-04-04T01:31:42.260095,2851uatom,,transfer,channel-730,0-0
channel-239,16486,25127258,2025-04-04T01:31:42.260095,463uatom,,transfer,channel-730,0-0
channel-0,4108813,25127251,2025-04-04T01:31:03.664972,2269uatom,,transfer,channel-141,4-25127397
channel-0,4108813,25127251,2025-04-04T01:31:03.664972,414uatom,,transfer,channel-141,4-25127397
channel-0,4108811,25127247,2025-04-04T01:30:41.214677,2302uatom,,transfer,channel-141,0-0
channel-0,4108811,25127247,2025-04-04T01:30:41.214677,2284uatom,,transfer,channel-141,0-0
channel-0,4108812,25127247,2025-04-04T01:30:41.214677,2284uatom,,transfer,channel-141,0-0
channel-1,96215,25127232,2025-04-04T01:29:09.175641,1619uatom,,transfer,channel-220,4-25128229
channel-1,96214,25127228,2025-04-04T01:28:44.490330,1505uatom,,transfer,channel-220,0-0
channel-1,96214,25127228,2025-04-04T01:28:44.490330,2092uatom,,transfer,channel-220,0-0
channel-1,96214,25127228,2025-04-04T01:28:44.490330,417uatom,,transfer,channel-220,0-0
channel-0,4108810,25127227,2025-04-04T01:28:38.543619,2535uatom,,transfer,channel-141,0-0
channel-1,179899,25127225,2025-04-04T01:28:26.394893,2495uatom,,transfer,channel-569,0-0
channel-1,179899,25127225,2025-04-04T01:28:26.394893,2729uatom,,transfer,channel-569,0-0
channel-1,179898,25127223,2025-04-04T01:28:18.667420,2551uatom,,transfer,channel-569,4-25127370
channel-1,179897,25127215,2025-04-04T01:27:37.884001,2544uatom,,transfer,channel-569,4-25128210
channel-0,4108809,25127208,2025-04-04T01:26:55.288561,2291uatom,,transfer,channel-141,4-25127355
channel-0,4108808,25127202,2025-04-04T01:26:18.880963,2283uatom,,transfer,channel-141,0-0
channel-0,4108808,25127202,2025-04-04T01:26:18.880963,5283uatom,,transfer,channel-141,0-0
channel-0,4108807,25127200,2025-04-04T01:26:06.661764,2275uatom,,transfer,channel-141,0-0
channel-0,4108806,25127192,2025-04-04T01:25:20.282212,2266uatom,,transfer,channel-141,0-0
channel-1,163704,25127185,2025-04-04T01:24:40.767406,1061uatom,,transfer,channel-326,4-25128090
channel-1,163704,25127185,2025-04-04T01:24:40.767406,3551uatom,,transfer,channel-326,4-25128090
channel-0,4108805,25127183,2025-04-04T01:24:28.546661,2302uatom,,transfer,channel-141,0-0
channel-0,4108805,25127183,2025-04-04T01:24:28.546661,2066uatom,,transfer,channel-141,0-0
channel-0,4108805,25127183,2025-04-04T01:24:28.546661,2066uatom,,transfer,channel-141,0-0
channel-0,4108804,25127180,2025-04-04T01:24:10.508507,2288uatom,,transfer,channel-141,0-0
channel-15,64605,25127179,2025-04-04T01:24:04.184117,1693uatom,,transfer,channel-301,0-0
channel-15,64605,25127179,2025-04-04T01:24:04.184117,3552uatom,,transfer,channel-301,0-0
channel-0,4108803,25127173,2025-04-04T01:23:28.603827,2319uatom,,transfer,channel-141,0-0
channel-0,4108803,25127173,2025-04-04T01:23:28.603827,421uatom,,transfer,channel-141,0-0
channel-0,4108802,25127171,2025-04-04T01:23:16.565596,2283uatom,,transfer,channel-141,0-0
channel-0,4108801,25127151,2025-04-04T01:21:18.242233,2300uatom,,transfer,channel-141,0-0
channel-0,4108801,25127151,2025-04-04T01:21:18.242233,3105uatom,,transfer,channel-141,0-0
channel-146,1744370,25127146,2025-04-04T01:20:49.977204,2364uatom,,consumer,channel-635,0-0
channel-146,1744370,25127146,2025-04-04T01:20:49.977204,586uatom,,consumer,channel-635,0-0
channel-1,179893,25127145,2025-04-04T01:20:44.021995,4729uatom,,transfer,channel-569,0-0
channel-1,179894,25127145,2025-04-04T01:20:44.021995,4729uatom,,transfer,channel-569,0-0
channel-1,179895,25127145,2025-04-04T01:20:44.021995,4729uatom,,transfer,channel-569,0-0
channel-1,179896,25127145,2025-04-04T01:20:44.021995,4729uatom,,transfer,channel-569,0-0
channel-9,13856,25127134,2025-04-04T01:19:39.953547,1918uatom,,transfer,channel-660,0-0
channel-9,13856,25127134,2025-04-04T01:19:39.953547,2143uatom,,transfer,channel-660,0-0
channel-0,43201,25127132,2025-04-04T01:19:27.613104,2236uatom,,transfer,channel-277,0-0
channel-0,43201,25127132,2025-04-04T01:19:27.613104,417uatom,,transfer,channel-277,0-0
channel-0,43201,25127132,2025-04-04T01:19:27.613104,2294uatom,,transfer,channel-277,0-0
channel-0,4108800,25127132,2025-04-04T01:19:27.613104,2294uatom,,transfer,channel-141,0-0
channel-0,4108799,25127120,2025-04-04T01:18:19.989566,2293uatom,,transfer,channel-141,0-0
channel-0,4108798,25127104,2025-04-04T01:16:37.429895,2274uatom,,transfer,channel-141,0-0
channel-0,4108797,25127102,2025-04-04T01:16:25.273473,2319uatom,,transfer,channel-141,0-0
channel-0,4108797,25127102,2025-04-04T01:16:25.273473,394uatom,,transfer,channel-141,0-0
channel-0,4108795,25127093,2025-04-04T01:15:39.063755,2304uatom,,transfer,channel-141,4-25128084
channel-0,4108795,25127093,2025-04-04T01:15:39.063755,420uatom,,transfer,channel-141,4-25128084
channel-0,4108795,25127093,2025-04-04T01:15:39.063755,2301uatom,,transfer,channel-141,4-25128084
channel-0,4108796,25127093,2025-04-04T01:15:39.063755,2301uatom,,transfer,channel-141,0-0
channel-1,96213,25127090,2025-04-04T01:15:20.781523,1495uatom,,transfer,channel-220,0-0
channel-1,163703,25127084,2025-04-04T01:14:44.137029,1160uatom,,transfer,channel-326,4-25128067
channel-0,4108794,25127083,2025-04-04T01:14:38.058897,2279uatom,,transfer,channel-141,0-0
channel-0,4108793,25127076,2025-04-04T01:13:55.582621,2273uatom,,transfer,channel-141,4-25128074
channel-0,4108792,25127073,2025-04-04T01:13:37.606205,2287uatom,,transfer,channel-141,0-0
channel-1,163702,25127064,2025-04-04T01:12:45.234396,1143uatom,,transfer,channel-326,4-25127930
channel-0,4108791,25127058,2025-04-04T01:12:11.606842,2272uatom,,transfer,channel-141,4-25127205
channel-0,4108791,25127058,2025-04-04T01:12:11.606842,3551uatom,,transfer,channel-141,4-25127205
channel-0,4108791,25127058,2025-04-04T01:12:11.606842,5140uatom,,transfer,channel-141,4-25127205
channel-0,4108790,25127055,2025-04-04T01:11:53.197913,2279uatom,,transfer,channel-141,4-25127203
channel-0,4108789,25127005,2025-04-04T01:06:58.276576,2302uatom,,transfer,channel-141,0-0
channel-0,4108788,25126994,2025-04-04T01:05:57.768493,2323uatom,,transfer,channel-141,0-0
channel-0,4108787,25126991,2025-04-04T01:05:39.551851,2297uatom,,transfer,channel-141,0-0
channel-0,4108786,25126983,2025-04-04T01:04:51.161955,2293uatom,,transfer,channel-141,0-0
channel-0,4108784,25126968,2025-04-04T01:03:28.203401,2273uatom,,transfer,channel-141,4-25127116
channel-0,4108784,25126968,2025-04-04T01:03:28.203401,2311uatom,,transfer,channel-141,4-25127116
channel-0,4108785,25126968,2025-04-04T01:03:28.203401,2311uatom,,transfer,channel-141,0-0
channel-0,4108784,25126968,2025-04-04T01:03:28.203401,415uatom,,transfer,channel-141,4-25127116
channel-0,4108785,25126968,2025-04-04T01:03:28.203401,415uatom,,transfer,channel-141,0-0
channel-0,4108784,25126968,2025-04-04T01:03:28.203401,413uatom,,transfer,channel-141,4-25127116
channel-0,4108785,25126968,2025-04-04T01:03:28.203401,413uatom,,transfer,channel-141,0-0
channel-0,4108783,25126967,2025-04-04T01:03:22.126039,2293uatom,,transfer,channel-141,0-0
channel-0,4108783,25126967,2025-04-04T01:03:22.126039,2070uatom,,transfer,channel-141,0-0
channel-0,4108783,25126967,2025-04-04T01:03:22.126039,367uatom,,transfer,channel-141,0-0
channel-0,4108783,25126967,2025-04-04T01:03:22.126039,367uatom,,transfer,channel-141,0-0
channel-0,4108782,25126960,2025-04-04T01:02:47.979593,2291uatom,,transfer,channel-141,4-25127945
channel-0,4108782,25126960,2025-04-04T01:02:47.979593,483uatom,,transfer,channel-141,4-25127945
channel-0,4108782,25126960,2025-04-04T01:02:47.979593,3551uatom,,transfer,channel-141,4-25127945
channel-0,4108781,25126957,2025-04-04T01:02:29.744365,2557uatom,,transfer,channel-141,0-0
channel-0,4108781,25126957,2025-04-04T01:02:29.744365,413uatom,,transfer,channel-141,0-0
channel-1,96212,25126954,2025-04-04T01:02:11.415475,1496uatom,,transfer,channel-220,0-0
channel-1,96212,25126954,2025-04-04T01:02:11.415475,415uatom,,transfer,channel-220,0-0
channel-0,14071,25126943,2025-04-04T01:01:06.026217,2659uatom,,transfer,channel-339,0-0
channel-299,13231,25126942,2025-04-04T01:00:59.837496,63865uatom,,icacontroller-cosmoshub-4.DELEGATION,channel-1301,0-0
channel-299,13232,25126942,2025-04-04T01:00:59.837496,63865uatom,,icacontroller-cosmoshub-4.DELEGATION,channel-1301,0-0
channel-299,13233,25126942,2025-04-04T01:00:59.837496,63865uatom,,icacontroller-cosmoshub-4.DELEGATION,channel-1301,0-0
channel-299,13234,25126942,2025-04-04T01:00:59.837496,63865uatom,,icacontroller-cosmoshub-4.DELEGATION,channel-1301,0-0
channel-299,13235,25126942,2025-04-04T01:00:59.837496,63865uatom,,icacontroller-cosmoshub-4.DELEGATION,channel-1301,0-0
channel-299,13236,25126942,2025-04-04T01:00:59.837496,63865uatom,,icacontroller-cosmoshub-4.DELEGATION,channel-1301,0-0
channel-299,13231,25126942,2025-04-04T01:00:59.837496,415uatom,,icacontroller-cosmoshub-4.DELEGATION,channel-1301,0-0
channel-299,13232,25126942,2025-04-04T01:00:59.837496,415uatom,,icacontroller-cosmoshub-4.DELEGATION,channel-1301,0-0
channel-299,13233,25126942,2025-04-04T01:00:59.837496,415uatom,,icacontroller-cosmoshub-4.DELEGATION,channel-1301,0-0
channel-299,13234,25126942,2025-04-04T01:00:59.837496,415uatom,,icacontroller-cosmoshub-4.DELEGATION,channel-1301,0-0
channel-299,13235,25126942,2025-04-04T01:00:59.837496,415uatom,,icacontroller-cosmoshub-4.DELEGATION,channel-1301,0-0
channel-299,13236,25126942,2025-04-04T01:00:59.837496,415uatom,,icacontroller-cosmoshub-4.DELEGATION,channel-1301,0-0
channel-299,13231,25126942,2025-04-04T01:00:59.837496,2346uatom,,icacontroller-cosmoshub-4.DELEGATION,channel-1301,0-0
channel-299,13232,25126942,2025-04-04T01:00:59.837496,2346uatom,,icacontroller-cosmoshub-4.DELEGATION,channel-1301,0-0
channel-299,13233,25126942,2025-04-04T01:00:59.837496,2346uatom,,icacontroller-cosmoshub-4.DELEGATION,channel-1301,0-0
channel-299,13234,25126942,2025-04-04T01:00:59.837496,2346uatom,,icacontroller-cosmoshub-4.DELEGATION,channel-1301,0-0
channel-299,13235,25126942,2025-04-04T01:00:59.837496,2346uatom,,icacontroller-cosmoshub-4.DELEGATION,channel-1301,0-0
channel-299,13236,25126942,2025-04-04T01:00:59.837496,2346uatom,,icacontroller-cosmoshub-4.DELEGATION,channel-1301,0-0
channel-299,13231,25126942,2025-04-04T01:00:59.837496,2070uatom,,icacontroller-cosmoshub-4.DELEGATION,channel-1301,0-0
channel-299,13232,25126942,2025-04-04T01:00:59.837496,2070uatom,,icacontroller-cosmoshub-4.DELEGATION,channel-1301,0-0
channel-299,13233,25126942,2025-04-04T01:00:59.837496,2070uatom,,icacontroller-cosmoshub-4.DELEGATION,channel-1301,0-0
channel-299,13234,25126942,2025-04-04T01:00:59.837496,2070uatom,,icacontroller-cosmoshub-4.DELEGATION,channel-1301,0-0
channel-299,13235,25126942,2025-04-04T01:00:59.837496,2070uatom,,icacontroller-cosmoshub-4.DELEGATION,channel-1301,0-0
channel-299,13236,25126942,2025-04-04T01:00:59.837496,2070uatom,,icacontroller-cosmoshub-4.DELEGATION,channel-1301,0-0
channel-299,13231,25126942,2025-04-04T01:00:59.837496,2595uatom,,icacontroller-cosmoshub-4.DELEGATION,channel-1301,0-0
channel-299,13232,25126942,2025-04-04T01:00:59.837496,2595uatom,,icacontroller-cosmoshub-4.DELEGATION,channel-1301,0-0
channel-299,13233,25126942,2025-04-04T01:00:59.837496,2595uatom,,icacontroller-cosmoshub-4.DELEGATION,channel-1301,0-0
channel-299,13234,25126942,2025-04-04T01:00:59.837496,2595uatom,,icacontroller-cosmoshub-4.DELEGATION,channel-1301,0-0
channel-299,13235,25126942,2025-04-04T01:00:59.837496,2595uatom,,icacontroller-cosmoshub-4.DELEGATION,channel-1301,0-0
channel-299,13236,25126942,2025-04-04T01:00:59.837496,2595uatom,,icacontroller-cosmoshub-4.DELEGATION,channel-1301,0-0
channel-2,2967,25126942,2025-04-04T01:00:59.837496,2595uatom,,icacontroller-cosmoshub-4.FEE,channel-395,0-0
channel-299,13231,25126942,2025-04-04T01:00:59.837496,15529uatom,,icacontroller-cosmoshub-4.DELEGATION,channel-1301,0-0
channel-299,13232,25126942,2025-04-04T01:00:59.837496,15529uatom,,icacontroller-cosmoshub-4.DELEGATION,channel-1301,0-0
channel-299,13233,25126942,2025-04-04T01:00:59.837496,15529uatom,,icacontroller-cosmoshub-4.DELEGATION,channel-1301,0-0
channel-299,13234,25126942,2025-04-04T01:00:59.837496,15529uatom,,icacontroller-cosmoshub-4.DELEGATION,channel-1301,0-0
channel-299,13235,25126942,2025-04-04T01:00:59.837496,15529uatom,,icacontroller-cosmoshub-4.DELEGATION,channel-1301,0-0
channel-299,13236,25126942,2025-04-04T01:00:59.837496,15529uatom,,icacontroller-cosmoshub-4.DELEGATION,channel-1301,0-0
channel-2,2967,25126942,2025-04-04T01:00:59.837496,15529uatom,,icacontroller-cosmoshub-4.FEE,channel-395,0-0
channel-299,13237,25126942,2025-04-04T01:00:59.837496,15529uatom,,icacontroller-cosmoshub-4.DELEGATION,channel-1301,0-0
channel-299,13231,25126942,2025-04-04T01:00:59.837496,4682uatom,,icacontroller-cosmoshub-4.DELEGATION,channel-1301,0-0
channel-299,13232,25126942,2025-04-04T01:00:59.837496,4682uatom,,icacontroller-cosmoshub-4.DELEGATION,channel-1301,0-0
channel-299,13233,25126942,2025-04-04T01:00:59.837496,4682uatom,,icacontroller-cosmoshub-4.DELEGATION,channel-1301,0-0
channel-299,13234,25126942,2025-04-04T01:00:59.837496,4682uatom,,icacontroller-cosmoshub-4.DELEGATION,channel-1301,0-0
channel-299,13235,25126942,2025-04-04T01:00:59.837496,4682uatom,,icacontroller-cosmoshub-4.DELEGATION,channel-1301,0-0
channel-299,13236,25126942,2025-04-04T01:00:59.837496,4682uatom,,icacontroller-cosmoshub-4.DELEGATION,channel-1301,0-0
channel-2,2967,25126942,2025-04-04T01:00:59.837496,4682uatom,,icacontroller-cosmoshub-4.FEE,channel-395,0-0
channel-299,13237,25126942,2025-04-04T01:00:59.837496,4682uatom,,icacontroller-cosmoshub-4.DELEGATION,channel-1301,0-0
channel-299,13238,25126942,2025-04-04T01:00:59.837496,4682uatom,,icacontroller-cosmoshub-4.DELEGATION,channel-1301,0-0
channel-299,13231,25126942,2025-04-04T01:00:59.837496,695uatom,,icacontroller-cosmoshub-4.DELEGATION,channel-1301,0-0
channel-299,13232,25126942,2025-04-04T01:00:59.837496,695uatom,,icacontroller-cosmoshub-4.DELEGATION,channel-1301,0-0
channel-299,13233,25126942,2025-04-04T01:00:59.837496,695uatom,,icacontroller-cosmoshub-4.DELEGATION,channel-1301,0-0
channel-299,13234,25126942,2025-04-04T01:00:59.837496,695uatom,,icacontroller-cosmoshub-4.DELEGATION,channel-1301,0-0
channel-299,13235,25126942,2025-04-04T01:00:59.837496,695uatom,,icacontroller-cosmoshub-4.DELEGATION,channel-1301,0-0
channel-299,13236,25126942,2025-04-04T01:00:59.837496,695uatom,,icacontroller-cosmoshub-4.DELEGATION,channel-1301,0-0
channel-2,2967,25126942,2025-04-04T01:00:59.837496,695uatom,,icacontroller-cosmoshub-4.FEE,channel-395,0-0
channel-299,13237,25126942,2025-04-04T01:00:59.837496,695uatom,,icacontroller-cosmoshub-4.DELEGATION,channel-1301,0-0
channel-299,13238,25126942,2025-04-04T01:00:59.837496,695uatom,,icacontroller-cosmoshub-4.DELEGATION,channel-1301,0-0
channel-0,4108780,25126941,2025-04-04T01:00:53.573679,2572uatom,,transfer,channel-141,0-0
channel-299,13225,25126940,2025-04-04T01:00:47.543576,70504uatom,,icacontroller-cosmoshub-4.DELEGATION,channel-1301,0-0
channel-299,13226,25126940,2025-04-04T01:00:47.543576,70504uatom,,icacontroller-cosmoshub-4.DELEGATION,channel-1301,0-0
channel-299,13227,25126940,2025-04-04T01:00:47.543576,70504uatom,,icacontroller-cosmoshub-4.DELEGATION,channel-1301,0-0
channel-299,13228,25126940,2025-04-04T01:00:47.543576,70504uatom,,icacontroller-cosmoshub-4.DELEGATION,channel-1301,0-0
channel-299,13229,25126940,2025-04-04T01:00:47.543576,70504uatom,,icacontroller-cosmoshub-4.DELEGATION,channel-1301,0-0
channel-299,13230,25126940,2025-04-04T01:00:47.543576,70504uatom,,icacontroller-cosmoshub-4.DELEGATION,channel-1301,0-0
channel-299,13225,25126940,2025-04-04T01:00:47.543576,413uatom,,icacontroller-cosmoshub-4.DELEGATION,channel-1301,0-0
channel-299,13226,25126940,2025-04-04T01:00:47.543576,413uatom,,icacontroller-cosmoshub-4.DELEGATION,channel-1301,0-0
channel-299,13227,25126940,2025-04-04T01:00:47.543576,413uatom,,icacontroller-cosmoshub-4.DELEGATION,channel-1301,0-0
channel-299,13228,25126940,2025-04-04T01:00:47.543576,413uatom,,icacontroller-cosmoshub-4.DELEGATION,channel-1301,0-0
channel-299,13229,25126940,2025-04-04T01:00:47.543576,413uatom,,icacontroller-cosmoshub-4.DELEGATION,channel-1301,0-0
channel-299,13230,25126940,2025-04-04T01:00:47.543576,413uatom,,icacontroller-cosmoshub-4.DELEGATION,channel-1301,0-0
channel-299,13219,25126939,2025-04-04T01:00:41.619299,27671uatom,,icacontroller-cosmoshub-4.DELEGATION,channel-1301,0-0
channel-299,13220,25126939,2025-04-04T01:00:41.619299,27671uatom,,icacontroller-cosmoshub-4.DELEGATION,channel-1301,0-0
channel-299,13221,25126939,2025-04-04T01:00:41.619299,27671uatom,,icacontroller-cosmoshub-4.DELEGATION,channel-1301,0-0
channel-299,13222,25126939,2025-04-04T01:00:41.619299,27671uatom,,icacontroller-cosmoshub-4.DELEGATION,channel-1301,0-0
channel-299,13223,25126939,2025-04-04T01:00:41.619299,27671uatom,,icacontroller-cosmoshub-4.DELEGATION,channel-1301,0-0
channel-299,13224,25126939,2025-04-04T01:00:41.619299,27671uatom,,icacontroller-cosmoshub-4.DELEGATION,channel-1301,0-0
channel-299,13213,25126938,2025-04-04T01:00:35.609330,42452uatom,,icacontroller-cosmoshub-4.DELEGATION,channel-1301,0-0
channel-299,13214,25126938,2025-04-04T01:00:35.609330,42452uatom,,icacontroller-cosmoshub-4.DELEGATION,channel-1301,0-0
channel-299,13215,25126938,2025-04-04T01:00:35.609330,42452uatom,,icacontroller-cosmoshub-4.DELEGATION,channel-1301,0-0
channel-299,13216,25126938,2025-04-04T01:00:35.609330,42452uatom,,icacontroller-cosmoshub-4.DELEGATION,channel-1301,0-0
channel-299,13217,25126938,2025-04-04T01:00:35.609330,42452uatom,,icacontroller-cosmoshub-4.DELEGATION,channel-1301,0-0
channel-299,13218,25126938,2025-04-04T01:00:35.609330,42452uatom,,icacontroller-cosmoshub-4.DELEGATION,channel-1301,0-0
channel-299,13213,25126938,2025-04-04T01:00:35.609330,417uatom,,icacontroller-cosmoshub-4.DELEGATION,channel-1301,0-0
channel-299,13214,25126938,2025-04-04T01:00:35.609330,417uatom,,icacontroller-cosmoshub-4.DELEGATION,channel-1301,0-0
channel-299,13215,25126938,2025-04-04T01:00:35.609330,417uatom,,icacontroller-cosmoshub-4.DELEGATION,channel-1301,0-0
channel-299,13216,25126938,2025-04-04T01:00:35.609330,417uatom,,icacontroller-cosmoshub-4.DELEGATION,channel-1301,0-0
channel-299,13217,25126938,2025-04-04T01:00:35.609330,417uatom,,icacontroller-cosmoshub-4.DELEGATION,channel-1301,0-0
channel-299,13218,25126938,2025-04-04T01:00:35.609330,417uatom,,icacontroller-cosmoshub-4.DELEGATION,channel-1301,0-0
channel-299,13213,25126938,2025-04-04T01:00:35.609330,415uatom,,icacontroller-cosmoshub-4.DELEGATION,channel-1301,0-0
channel-299,13214,25126938,2025-04-04T01:00:35.609330,415uatom,,icacontroller-cosmoshub-4.DELEGATION,channel-1301,0-0
channel-299,13215,25126938,2025-04-04T01:00:35.609330,415uatom,,icacontroller-cosmoshub-4.DELEGATION,channel-1301,0-0
channel-299,13216,25126938,2025-04-04T01:00:35.609330,415uatom,,icacontroller-cosmoshub-4.DELEGATION,channel-1301,0-0
channel-299,13217,25126938,2025-04-04T01:00:35.609330,415uatom,,icacontroller-cosmoshub-4.DELEGATION,channel-1301,0-0
channel-299,13218,25126938,2025-04-04T01:00:35.609330,415uatom,,icacontroller-cosmoshub-4.DELEGATION,channel-1301,0-0
channel-299,13207,25126936,2025-04-04T01:00:23.460860,54010uatom,,icacontroller-cosmoshub-4.DELEGATION,channel-1301,0-0
channel-299,13208,25126936,2025-04-04T01:00:23.460860,54010uatom,,icacontroller-cosmoshub-4.DELEGATION,channel-1301,0-0
channel-299,13209,25126936,2025-04-04T01:00:23.460860,54010uatom,,icacontroller-cosmoshub-4.DELEGATION,channel-1301,0-0
channel-299,13210,25126936,2025-04-04T01:00:23.460860,54010uatom,,icacontroller-cosmoshub-4.DELEGATION,channel-1301,0-0
channel-299,13211,25126936,2025-04-04T01:00:23.460860,54010uatom,,icacontroller-cosmoshub-4.DELEGATION,channel-1301,0-0
channel-299,13212,25126936,2025-04-04T01:00:23.460860,54010uatom,,icacontroller-cosmoshub-4.DELEGATION,channel-1301,0-0
channel-299,13207,25126936,2025-04-04T01:00:23.460860,417uatom,,icacontroller-cosmoshub-4.DELEGATION,channel-1301,0-0
channel-299,13208,25126936,2025-04-04T01:00:23.460860,417uatom,,icacontroller-cosmoshub-4.DELEGATION,channel-1301,0-0
channel-299,13209,25126936,2025-04-04T01:00:23.460860,417uatom,,icacontroller-cosmoshub-4.DELEGATION,channel-1301,0-0
channel-299,13210,25126936,2025-04-04T01:00:23.460860,417uatom,,icacontroller-cosmoshub-4.DELEGATION,channel-1301,0-0
channel-299,13211,25126936,2025-04-04T01:00:23.460860,417uatom,,icacontroller-cosmoshub-4.DELEGATION,channel-1301,0-0
channel-299,13212,25126936,2025-04-04T01:00:23.460860,417uatom,,icacontroller-cosmoshub-4.DELEGATION,channel-1301,0-0
channel-299,13207,25126936,2025-04-04T01:00:23.460860,367uatom,,icacontroller-cosmoshub-4.DELEGATION,channel-1301,0-0
channel-299,13208,25126936,2025-04-04T01:00:23.460860,367uatom,,icacontroller-cosmoshub-4.DELEGATION,channel-1301,0-0
channel-299,13209,25126936,2025-04-04T01:00:23.460860,367uatom,,icacontroller-cosmoshub-4.DELEGATION,channel-1301,0-0
channel-299,13210,25126936,2025-04-04T01:00:23.460860,367uatom,,icacontroller-cosmoshub-4.DELEGATION,channel-1301,0-0
channel-299,13211,25126936,2025-04-04T01:00:23.460860,367uatom,,icacontroller-cosmoshub-4.DELEGATION,channel-1301,0-0
channel-299,13212,25126936,2025-04-04T01:00:23.460860,367uatom,,icacontroller-cosmoshub-4.DELEGATION,channel-1301,0-0
channel-3,3689,25126935,2025-04-04T01:00:17.364563,2761uatom,,icacontroller-cosmoshub-4.WITHDRAWAL,channel-392,0-0
channel-3,3689,25126935,2025-04-04T01:00:17.364563,3318uatom,,icacontroller-cosmoshub-4.WITHDRAWAL,channel-392,0-0
channel-3,3689,25126935,2025-04-04T01:00:17.364563,2450uatom,,icacontroller-cosmoshub-4.WITHDRAWAL,channel-392,0-0
channel-299,13206,25126934,2025-04-04T01:00:15.272494,19347uatom,,icacontroller-cosmoshub-4.DELEGATION,channel-1301,0-0
channel-299,13206,25126934,2025-04-04T01:00:15.272494,2070uatom,,icacontroller-cosmoshub-4.DELEGATION,channel-1301,0-0
channel-299,13206,25126934,2025-04-04T01:00:15.272494,483uatom,,icacontroller-cosmoshub-4.DELEGATION,channel-1301,0-0
channel-299,13206,25126934,2025-04-04T01:00:15.272494,1030uatom,,icacontroller-cosmoshub-4.DELEGATION,channel-1301,0-0
channel-0,4108779,25126932,2025-04-04T01:00:03.142479,2289uatom,,transfer,channel-141,0-0
channel-0,4108778,25126927,2025-04-04T00:59:32.886246,2699uatom,,transfer,channel-141,0-0
channel-0,4108777,25126927,2025-04-04T00:59:32.886246,2699uatom,,transfer,channel-141,4-25127073
channel-0,4108778,25126927,2025-04-04T00:59:32.886246,2296uatom,,transfer,channel-141,0-0
channel-0,4108777,25126927,2025-04-04T00:59:32.886246,2296uatom,,transfer,channel-141,4-25127073
channel-0,4108778,25126927,2025-04-04T00:59:32.886246,3551uatom,,transfer,channel-141,0-0
channel-0,4108777,25126927,2025-04-04T00:59:32.886246,3551uatom,,transfer,channel-141,4-25127073
