channel_id,sequence,send_height,send_time,ack_height,ack_time,block_delay,fee_amount,fee_denom
channel-141,4403899,25128772,2025-04-04T03:59:17.127250,25128775,2025-04-04T03:59:31.392442,3,638uatom,
channel-141,4403898,25128770,2025-04-04T03:59:04.554117,25128772,2025-04-04T03:59:17.127250,2,2273uatom,
channel-141,4403897,25128769,2025-04-04T03:58:58.528744,25128771,2025-04-04T03:59:10.649875,2,638uatom,
channel-342,8385,25128766,2025-04-04T03:58:40.177233,25128770,2025-04-04T03:59:04.554117,4,2575uatom,
channel-141,4403896,25128762,2025-04-04T03:58:15.118357,25128764,2025-04-04T03:58:27.713829,2,2662uatom,
channel-288,18891,25128760,2025-04-04T03:58:05.269520,25128763,2025-04-04T03:58:21.568850,3,2206uatom,
channel-141,4403895,25128758,2025-04-04T03:57:52.722119,25128760,2025-04-04T03:58:05.269520,2,2991uatom,
channel-141,4403894,25128753,2025-04-04T03:57:22.296889,25128755,2025-04-04T03:57:34.269666,2,1954uatom,
channel-141,4403893,25128752,2025-04-04T03:57:16.332573,25128755,2025-04-04T03:57:34.269666,3,697uatom,
channel-141,4403892,25128748,2025-04-04T03:56:52.027797,25128750,2025-04-04T03:57:04.004238,2,1719uatom,
channel-569,345432,25128743,2025-04-04T03:56:25.358743,25128745,2025-04-04T03:56:33.582886,2,643uatom,
channel-141,4403891,25128730,2025-04-04T03:55:08.392829,25128732,2025-04-04T03:55:20.465745,2,1972uatom,
channel-141,4403890,25128722,2025-04-04T03:54:20.572378,25128724,2025-04-04T03:54:32.775331,2,636uatom,
channel-293,14915,25128707,2025-04-04T03:52:54.838902,25128711,2025-04-04T03:53:16.924015,4,585uatom,
channel-859,24823,25128699,2025-04-04T03:52:06.569706,25128703,2025-04-04T03:52:30.510961,4,7117uatom,
channel-141,4403889,25128685,2025-04-04T03:50:43.431843,25128688,2025-04-04T03:50:59.710225,3,394uatom,
channel-141,4403888,25128684,2025-04-04T03:50:37.364618,25128687,2025-04-04T03:50:53.559155,3,423uatom,
channel-141,4403887,25128682,2025-04-04T03:50:25.069317,25128685,2025-04-04T03:50:43.431843,3,682uatom,
channel-569,345431,25128678,2025-04-04T03:50:05.143374,25128681,2025-04-04T03:50:19.109883,3,415uatom,
channel-141,4403886,25128675,2025-04-04T03:49:47.127480,25128677,2025-04-04T03:49:59.263981,2,2734uatom,
channel-141,4403885,25128665,2025-04-04T03:48:45.161527,25128667,2025-04-04T03:48:57.516125,2,420uatom,
channel-141,4403884,25128660,2025-04-04T03:48:16.837692,25128663,2025-04-04T03:48:32.939282,3,735uatom,
channel-141,4403883,25128653,2025-04-04T03:47:34.133262,25128655,2025-04-04T03:47:46.492629,2,3323uatom,
channel-141,4403882,25128647,2025-04-04T03:47:01.607591,25128649,2025-04-04T03:47:13.707542,2,735uatom,
channel-141,4403881,25128644,2025-04-04T03:46:43.378990,25128646,2025-04-04T03:46:55.473761,2,2297uatom,
channel-141,4403880,25128640,2025-04-04T03:46:18.915642,25128642,2025-04-04T03:46:31.220190,2,1632uatom,
channel-141,4403879,25128633,2025-04-04T03:45:39.108689,25128635,2025-04-04T03:45:50.938634,2,2313uatom,
channel-141,4403878,25128632,2025-04-04T03:45:32.921611,25128634,2025-04-04T03:45:45.016883,2,3026uatom,
channel-859,24822,25128622,2025-04-04T03:44:32.202119,25128626,2025-04-04T03:44:56.555338,4,1376uatom,
channel-141,4403877,25128621,2025-04-04T03:44:25.595685,25128624,2025-04-04T03:44:44.454143,3,757uatom,
channel-940,1412,25128619,2025-04-04T03:44:13.809133,25128622,2025-04-04T03:44:32.202119,3,3649uatom,
channel-141,4403876,25128614,2025-04-04T03:43:47.260852,25128617,2025-04-04T03:44:05.546735,3,2670uatom,
channel-326,131517,25128607,2025-04-04T03:43:07.774760,25128610,2025-04-04T03:43:23.793725,3,3668uatom,
channel-141,4403875,25128601,2025-04-04T03:42:26.354468,25128603,2025-04-04T03:42:43.149489,2,1965uatom,
channel-141,4403874,25128591,2025-04-04T03:41:28.908143,25128594,2025-04-04T03:41:43.060257,3,695uatom,
channel-141,4403873,25128590,2025-04-04T03:41:22.845100,25128592,2025-04-04T03:41:35.064531,2,2786uatom,
channel-141,4403872,25128579,2025-04-04T03:40:21.594555,25128581,2025-04-04T03:40:33.751509,2,638uatom,
channel-141,4403871,25128565,2025-04-04T03:38:56.258913,25128567,2025-04-04T03:39:08.465144,2,5900uatom,
channel-569,345430,25128562,2025-04-04T03:38:42.132490,25128564,2025-04-04T03:38:50.219544,2,1563uatom,
channel-141,4403870,25128561,2025-04-04T03:38:38.203381,25128564,2025-04-04T03:38:50.219544,3,3009uatom,
channel-141,4403869,25128555,2025-04-04T03:38:01.609363,25128557,2025-04-04T03:38:14.011706,2,7193uatom,
channel-141,4403868,25128554,2025-04-04T03:37:54.679576,25128556,2025-04-04T03:38:07.740035,2,638uatom,
channel-141,4403867,25128550,2025-04-04T03:37:34.265624,25128552,2025-04-04T03:37:46.427407,2,2213uatom,
channel-141,4403866,25128548,2025-04-04T03:37:22.005130,25128550,2025-04-04T03:37:34.265624,2,638uatom,
channel-141,4403865,25128545,2025-04-04T03:37:03.639881,25128547,2025-04-04T03:37:15.890113,2,2908uatom,
channel-569,345429,25128541,2025-04-04T03:36:39.448212,25128544,2025-04-04T03:36:57.777026,3,2319uatom,
channel-141,4403863,25128538,2025-04-04T03:36:21.517522,25128540,2025-04-04T03:36:33.465760,2,2314uatom,
channel-141,4403864,25128538,2025-04-04T03:36:21.517522,25128540,2025-04-04T03:36:33.465760,2,2314uatom,
channel-141,4403862,25128537,2025-04-04T03:36:15.547611,25128539,2025-04-04T03:36:27.504711,2,2796uatom,
channel-141,4403861,25128531,2025-04-04T03:35:41.421514,25128533,2025-04-04T03:35:53.493101,2,679uatom,
channel-569,345428,25128526,2025-04-04T03:35:10.935221,25128528,2025-04-04T03:35:23.462914,2,414uatom,
channel-1266,44838,25128526,2025-04-04T03:35:10.935221,25128529,2025-04-04T03:35:29.487510,3,414uatom,
channel-141,4403860,25128526,2025-04-04T03:35:10.935221,25128528,2025-04-04T03:35:23.462914,2,414uatom,
channel-569,345427,25128520,2025-04-04T03:34:38.261221,25128523,2025-04-04T03:34:52.575808,3,2968uatom,
channel-569,345426,25128515,2025-04-04T03:34:07.487038,25128518,2025-04-04T03:34:26.152259,3,2163uatom,
channel-141,4403859,25128513,2025-04-04T03:33:55.318250,25128515,2025-04-04T03:34:07.487038,2,2301uatom,
channel-141,4403857,25128506,2025-04-04T03:33:14.713273,25128508,2025-04-04T03:33:27.017871,2,2347uatom,
channel-141,4403858,25128506,2025-04-04T03:33:14.713273,25128508,2025-04-04T03:33:27.017871,2,2347uatom,
channel-569,345425,25128505,2025-04-04T03:33:08.740443,25128507,2025-04-04T03:33:20.993519,2,2210uatom,
channel-569,345424,25128504,2025-04-04T03:33:02.654279,25128506,2025-04-04T03:33:14.713273,2,2662uatom,
channel-569,345423,25128496,2025-04-04T03:32:12.391820,25128498,2025-04-04T03:32:24.585264,2,2319uatom,
channel-141,4403856,25128495,2025-04-04T03:32:06.258884,25128498,2025-04-04T03:32:24.585264,3,753uatom,
channel-326,131516,25128490,2025-04-04T03:31:39.808182,25128493,2025-04-04T03:31:53.943517,3,2424uatom,
channel-569,345422,25128486,2025-04-04T03:31:15.624766,25128488,2025-04-04T03:31:27.541993,2,637uatom,
channel-141,4403855,25128483,2025-04-04T03:30:59.459864,25128485,2025-04-04T03:31:09.468622,2,2283uatom,
channel-339,16375,25128481,2025-04-04T03:30:50.393262,25128485,2025-04-04T03:31:09.468622,4,1852uatom,
channel-141,4403854,25128479,2025-04-04T03:30:38.068498,25128481,2025-04-04T03:30:50.393262,2,2826uatom,
channel-141,4403853,25128473,2025-04-04T03:30:03.112263,25128475,2025-04-04T03:30:15.400222,2,2935uatom,
channel-141,4403852,25128469,2025-04-04T03:29:38.068632,25128471,2025-04-04T03:29:50.836371,2,618uatom,
channel-141,4403851,25128467,2025-04-04T03:29:26.064027,25128469,2025-04-04T03:29:38.068632,2,1119uatom,
channel-141,4403850,25128459,2025-04-04T03:28:39.793348,25128461,2025-04-04T03:28:49.626668,2,2158uatom,
channel-141,4403849,25128457,2025-04-04T03:28:31.696956,25128459,2025-04-04T03:28:39.793348,2,483uatom,
channel-141,4403848,25128446,2025-04-04T03:27:24.030275,25128448,2025-04-04T03:27:36.474805,2,486uatom,
channel-141,4403847,25128441,2025-04-04T03:26:52.325608,25128443,2025-04-04T03:27:05.574797,2,636uatom,
channel-391,389404,25128432,2025-04-04T03:25:58.792224,25128436,2025-04-04T03:26:20.784987,4,696uatom,
channel-141,4403846,25128410,2025-04-04T03:23:54.626767,25128412,2025-04-04T03:24:04.626927,2,694uatom,
channel-141,4403845,25128382,2025-04-04T03:21:08.879433,25128385,2025-04-04T03:21:26.235233,3,697uatom,
channel-859,24821,25128378,2025-04-04T03:20:44.532250,25128381,2025-04-04T03:21:02.722098,3,628uatom,
channel-141,4403844,25128374,2025-04-04T03:20:19.722113,25128377,2025-04-04T03:20:38.412920,3,2666uatom,
channel-859,24820,25128366,2025-04-04T03:19:31.070429,25128369,2025-04-04T03:19:49.380296,3,595uatom,
channel-940,1411,25128366,2025-04-04T03:19:31.070429,25128370,2025-04-04T03:19:55.379448,4,595uatom,
channel-141,4403843,25128359,2025-04-04T03:18:52.807622,25128361,2025-04-04T03:19:04.899610,2,642uatom,
channel-277,52972,25128353,2025-04-04T03:18:18.270052,25128357,2025-04-04T03:18:42.802004,4,2668uatom,
channel-141,4403842,25128349,2025-04-04T03:17:55.367713,25128353,2025-04-04T03:18:18.270052,4,2217uatom,
channel-141,4403841,25128346,2025-04-04T03:17:37.020828,25128348,2025-04-04T03:17:49.148404,2,2788uatom,
channel-141,4403840,25128338,2025-04-04T03:16:48.844122,25128340,2025-04-04T03:17:00.921516,2,2373uatom,
channel-141,4403839,25128335,2025-04-04T03:16:30.490937,25128337,2025-04-04T03:16:42.786253,2,3668uatom,
channel-1266,44837,25128324,2025-04-04T03:15:28.828885,25128327,2025-04-04T03:15:47.639530,3,11347uatom,
channel-141,4403838,25128317,2025-04-04T03:14:50.203542,25128319,2025-04-04T03:15:02.471823,2,2447uatom,
channel-141,4403837,25128312,2025-04-04T03:14:19.383190,25128314,2025-04-04T03:14:31.998799,2,2440uatom,
channel-859,24819,25128310,2025-04-04T03:14:07.286374,25128314,2025-04-04T03:14:31.998799,4,7255uatom,
channel-141,4403836,25128304,2025-04-04T03:13:32.410464,25128306,2025-04-04T03:13:44.981433,2,682uatom,
channel-569,345421,25128295,2025-04-04T03:12:41.436734,25128298,2025-04-04T03:13:00.066165,3,1563uatom,
channel-141,4403835,25128290,2025-04-04T03:12:10.668551,25128293,2025-04-04T03:12:29.335600,3,2274uatom,
channel-141,4403834,25128279,2025-04-04T03:11:05.761540,25128281,2025-04-04T03:11:17.691403,2,694uatom,
channel-141,4403833,25128249,2025-04-04T03:08:09.429559,25128251,2025-04-04T03:08:21.358317,2,6949uatom,
channel-141,4403832,25128245,2025-04-04T03:07:44.886586,25128247,2025-04-04T03:07:56.829763,2,2276uatom,
channel-859,24818,25128234,2025-04-04T03:06:41.555455,25128238,2025-04-04T03:07:02.017469,4,2154uatom,
channel-859,24817,25128233,2025-04-04T03:06:35.525584,25128236,2025-04-04T03:06:53.836553,3,642uatom,
channel-141,4403831,25128232,2025-04-04T03:06:31.554032,25128234,2025-04-04T03:06:41.555455,2,695uatom,
channel-141,4403830,25128227,2025-04-04T03:06:00.851199,25128229,2025-04-04T03:06:12.864508,2,2109uatom,
channel-141,4403829,25128225,2025-04-04T03:05:50.913488,25128227,2025-04-04T03:06:00.851199,2,638uatom,
channel-141,4403828,25128221,2025-04-04T03:05:26.739103,25128224,2025-04-04T03:05:44.893901,3,694uatom,
channel-141,4403827,25128220,2025-04-04T03:05:20.673264,25128222,2025-04-04T03:05:32.979676,2,674uatom,
channel-141,4403826,25128212,2025-04-04T03:04:32.225928,25128214,2025-04-04T03:04:44.484653,2,2443uatom,
channel-277,52971,25128209,2025-04-04T03:04:12.554545,25128212,2025-04-04T03:04:32.225928,3,2579uatom,
channel-569,345420,25128205,2025-04-04T03:03:54.315532,25128209,2025-04-04T03:04:12.554545,4,2719uatom,
channel-141,4403825,25128200,2025-04-04T03:03:23.741813,25128202,2025-04-04T03:03:35.970535,2,10837uatom,
channel-141,4403824,25128197,2025-04-04T03:03:05.448114,25128199,2025-04-04T03:03:17.536793,2,1086uatom,
channel-569,345419,25128196,2025-04-04T03:02:59.230997,25128198,2025-04-04T03:03:11.514832,2,4450uatom,
channel-326,131515,25128185,2025-04-04T03:01:52.835325,25128189,2025-04-04T03:02:17.168922,4,413uatom,
channel-1266,44836,25128177,2025-04-04T03:01:05.618729,25128180,2025-04-04T03:01:23.997119,3,1367uatom,
channel-141,4403823,25128171,2025-04-04T03:00:32.583481,25128175,2025-04-04T03:00:52.966576,4,709uatom,
channel-141,4403822,25128148,2025-04-04T02:58:14.153806,25128150,2025-04-04T02:58:26.317526,2,395uatom,
channel-141,4403821,25128134,2025-04-04T02:56:55.979995,25128136,2025-04-04T02:57:08.031581,2,618uatom,
channel-859,24816,25128132,2025-04-04T02:56:45.920322,25128136,2025-04-04T02:57:08.031581,4,643uatom,
channel-569,345418,25128131,2025-04-04T02:56:39.884923,25128133,2025-04-04T02:56:49.877610,2,422uatom,
channel-141,4403819,25128126,2025-04-04T02:56:09.430287,25128128,2025-04-04T02:56:21.432998,2,2276uatom,
channel-141,4403820,25128126,2025-04-04T02:56:09.430287,25128128,2025-04-04T02:56:21.432998,2,2276uatom,
channel-141,4403818,25128120,2025-04-04T02:55:36.940066,25128123,2025-04-04T02:55:51.114819,3,675uatom,
channel-141,4403817,25128118,2025-04-04T02:55:24.760904,25128120,2025-04-04T02:55:36.940066,2,395uatom,
channel-141,4403816,25128115,2025-04-04T02:55:06.291755,25128117,2025-04-04T02:55:18.729912,2,365uatom,
channel-940,1410,25128115,2025-04-04T02:55:06.291755,25128119,2025-04-04T02:55:30.811244,4,365uatom,
channel-141,4403814,25128114,2025-04-04T02:55:00.129828,25128116,2025-04-04T02:55:12.689551,2,638uatom,
channel-141,4403815,25128114,2025-04-04T02:55:00.129828,25128116,2025-04-04T02:55:12.689551,2,638uatom,
channel-141,4403813,25128111,2025-04-04T02:54:41.933410,25128113,2025-04-04T02:54:53.924416,2,695uatom,
channel-141,4403812,25128102,2025-04-04T02:53:56.042224,25128104,2025-04-04T02:54:06.135810,2,618uatom,
channel-141,4403811,25128092,2025-04-04T02:52:53.822526,25128094,2025-04-04T02:53:06.080375,2,367uatom,
channel-141,4403810,25128089,2025-04-04T02:52:35.742997,25128091,2025-04-04T02:52:47.800088,2,698uatom,
channel-141,4403809,25128079,2025-04-04T02:51:37.059835,25128082,2025-04-04T02:51:53.355505,3,464uatom,
channel-141,4403808,25128075,2025-04-04T02:51:16.890510,25128078,2025-04-04T02:51:30.980844,3,423uatom,
channel-141,4403807,25128073,2025-04-04T02:51:04.817645,25128075,2025-04-04T02:51:16.890510,2,3018uatom,
channel-241,42071,25128043,2025-04-04T02:48:13.093526,25128048,2025-04-04T02:48:39.341913,5,2158uatom,
channel-141,4403806,25128041,2025-04-04T02:48:00.969084,25128043,2025-04-04T02:48:13.093526,2,413uatom,
channel-569,345417,25128029,2025-04-04T02:46:49.014976,25128032,2025-04-04T02:47:04.904066,3,4820uatom,
channel-141,4403805,25128026,2025-04-04T02:46:29.857578,25128028,2025-04-04T02:46:42.361160,2,2438uatom,
channel-569,345416,25128023,2025-04-04T02:46:11.414880,25128025,2025-04-04T02:46:23.514858,2,2489uatom,
channel-141,4403803,25128021,2025-04-04T02:45:59.231555,25128023,2025-04-04T02:46:11.414880,2,3995uatom,
channel-141,4403804,25128021,2025-04-04T02:45:59.231555,25128023,2025-04-04T02:46:11.414880,2,3995uatom,
channel-141,4403802,25128019,2025-04-04T02:45:47.004722,25128021,2025-04-04T02:45:59.231555,2,365uatom,
channel-141,4403801,25128018,2025-04-04T02:45:40.716128,25128020,2025-04-04T02:45:53.124400,2,2147uatom,
channel-141,4403800,25128016,2025-04-04T02:45:28.564303,25128018,2025-04-04T02:45:40.716128,2,423uatom,
channel-141,4403798,25128015,2025-04-04T02:45:22.332785,25128017,2025-04-04T02:45:34.612595,2,414uatom,
channel-141,4403799,25128015,2025-04-04T02:45:22.332785,25128017,2025-04-04T02:45:34.612595,2,414uatom,
channel-569,345415,25128014,2025-04-04T02:45:16.352968,25128016,2025-04-04T02:45:28.564303,2,1615uatom,
channel-141,4403797,25128014,2025-04-04T02:45:16.352968,25128016,2025-04-04T02:45:28.564303,2,1615uatom,
channel-141,4403796,25128010,2025-04-04T02:44:56.070659,25128012,2025-04-04T02:45:08.170677,2,4046uatom,
channel-141,4403795,25128008,2025-04-04T02:44:44.041403,25128010,2025-04-04T02:44:56.070659,2,395uatom,
channel-141,4403794,25128005,2025-04-04T02:44:28.065194,25128007,2025-04-04T02:44:38.009741,2,1722uatom,
channel-141,4403793,25128004,2025-04-04T02:44:22.053430,25128007,2025-04-04T02:44:38.009741,3,694uatom,
channel-141,4403792,25127990,2025-04-04T02:42:57.831453,25127992,2025-04-04T02:43:09.688507,2,643uatom,
channel-141,4403791,25127980,2025-04-04T02:41:59.879760,25127983,2025-04-04T02:42:15.101644,3,565uatom,
channel-326,131514,25127980,2025-04-04T02:41:59.879760,25127984,2025-04-04T02:42:21.124268,4,565uatom,
channel-141,4403790,25127970,2025-04-04T02:41:03.283376,25127972,2025-04-04T02:41:15.792937,2,1118uatom,
channel-859,24815,25127967,2025-04-04T02:40:45.164343,25127970,2025-04-04T02:41:03.283376,3,642uatom,
channel-859,24814,25127955,2025-04-04T02:39:31.858437,25127958,2025-04-04T02:39:49.987716,3,4280uatom,
channel-569,345414,25127950,2025-04-04T02:39:07.431331,25127952,2025-04-04T02:39:15.411980,2,412uatom,
channel-569,345413,25127945,2025-04-04T02:38:37.057319,25127948,2025-04-04T02:38:55.206593,3,673uatom,
channel-569,345412,25127944,2025-04-04T02:38:30.979473,25127947,2025-04-04T02:38:49.124166,3,365uatom,
channel-141,4403789,25127939,2025-04-04T02:38:00.661247,25127941,2025-04-04T02:38:12.612232,2,365uatom,
channel-569,345411,25127933,2025-04-04T02:37:24.429696,25127935,2025-04-04T02:37:36.515737,2,2748uatom,
channel-141,4403788,25127928,2025-04-04T02:36:56.312399,25127931,2025-04-04T02:37:12.174620,3,1656uatom,
channel-859,24813,25127911,2025-04-04T02:35:15.635387,25127915,2025-04-04T02:35:39.820447,4,394uatom,
channel-632,735,25127894,2025-04-04T02:33:39.131486,25127897,2025-04-04T02:33:57.208182,3,685uatom,
channel-141,4403786,25127883,2025-04-04T02:32:34.251062,25127885,2025-04-04T02:32:47.125202,2,682uatom,
channel-141,4403787,25127883,2025-04-04T02:32:34.251062,25127885,2025-04-04T02:32:47.125202,2,682uatom,
channel-141,4403785,25127880,2025-04-04T02:32:20.036259,25127882,2025-04-04T02:32:28.099580,2,2210uatom,
channel-141,4403783,25127873,2025-04-04T02:31:39.910577,25127875,2025-04-04T02:31:51.956867,2,705uatom,
channel-141,4403784,25127873,2025-04-04T02:31:39.910577,25127875,2025-04-04T02:31:51.956867,2,705uatom,
channel-141,4403782,25127870,2025-04-04T02:31:21.551200,25127872,2025-04-04T02:31:33.823656,2,395uatom,
channel-569,345410,25127853,2025-04-04T02:29:43.008631,25127857,2025-04-04T02:30:01.380318,4,652uatom,
channel-141,4403781,25127842,2025-04-04T02:28:38.143603,25127844,2025-04-04T02:28:50.393294,2,394uatom,
channel-141,4403780,25127841,2025-04-04T02:28:32.028860,25127843,2025-04-04T02:28:44.223479,2,643uatom,
channel-730,32256,25127840,2025-04-04T02:28:26.102946,25127843,2025-04-04T02:28:44.223479,3,414uatom,
channel-141,4403779,25127840,2025-04-04T02:28:26.102946,25127842,2025-04-04T02:28:38.143603,2,414uatom,
channel-569,345409,25127830,2025-04-04T02:27:25.111759,25127833,2025-04-04T02:27:43.167498,3,367uatom,
channel-660,14791,25127829,2025-04-04T02:27:19.163096,25127831,2025-04-04T02:27:31.107246,2,2152uatom,
channel-141,4403778,25127827,2025-04-04T02:27:09.099674,25127829,2025-04-04T02:27:19.163096,2,413uatom,
channel-859,24812,25127813,2025-04-04T02:25:47.703264,25127817,2025-04-04T02:26:11.988277,4,1417uatom,
channel-660,14790,25127810,2025-04-04T02:25:29.628581,25127812,2025-04-04T02:25:41.650343,2,365uatom,
channel-301,77803,25127797,2025-04-04T02:24:14.725048,25127802,2025-04-04T02:24:42.030629,5,420uatom,
channel-141,4403777,25127791,2025-04-04T02:23:42.253935,25127793,2025-04-04T02:23:50.434432,2,3101uatom,
channel-220,115919,25127791,2025-04-04T02:23:42.253935,25127793,2025-04-04T02:23:50.434432,2,3101uatom,
channel-141,4403776,25127788,2025-04-04T02:23:24.123187,25127790,2025-04-04T02:23:36.077516,2,3477uatom,
channel-569,345408,25127787,2025-04-04T02:23:17.957253,25127789,2025-04-04T02:23:30.045287,2,398uatom,
channel-141,4403775,25127771,2025-04-04T02:21:46.383079,25127773,2025-04-04T02:21:58.616245,2,2481uatom,
channel-141,4403774,25127769,2025-04-04T02:21:34.062025,25127771,2025-04-04T02:21:46.383079,2,394uatom,
channel-141,4403773,25127767,2025-04-04T02:21:22.102004,25127769,2025-04-04T02:21:34.062025,2,638uatom,
channel-569,345407,25127760,2025-04-04T02:20:39.176672,25127763,2025-04-04T02:20:57.135384,3,367uatom,
channel-141,4403772,25127758,2025-04-04T02:20:31.136857,25127760,2025-04-04T02:20:39.176672,2,1735uatom,
channel-141,4403771,25127757,2025-04-04T02:20:25.031906,25127760,2025-04-04T02:20:39.176672,3,4937uatom,
channel-569,345406,25127752,2025-04-04T02:19:56.743269,25127754,2025-04-04T02:20:06.725578,2,486uatom,
channel-141,4403770,25127747,2025-04-04T02:19:25.051543,25127749,2025-04-04T02:19:37.517557,2,414uatom,
channel-141,4403769,25127745,2025-04-04T02:19:12.420458,25127747,2025-04-04T02:19:25.051543,2,2070uatom,
channel-141,4403768,25127744,2025-04-04T02:19:06.141224,25127746,2025-04-04T02:19:18.510138,2,638uatom,
channel-141,4403767,25127740,2025-04-04T02:18:41.696316,25127742,2025-04-04T02:18:53.923054,2,638uatom,
channel-141,4403766,25127737,2025-04-04T02:18:22.331409,25127739,2025-04-04T02:18:35.031807,2,2444uatom,
channel-141,4403765,25127733,2025-04-04T02:17:57.625480,25127735,2025-04-04T02:18:09.795243,2,2855uatom,
channel-391,389403,25127732,2025-04-04T02:17:51.606602,25127737,2025-04-04T02:18:22.331409,5,2118uatom,
channel-141,4403764,25127730,2025-04-04T02:17:39.542122,25127732,2025-04-04T02:17:51.606602,2,2722uatom,
channel-141,4403762,25127729,2025-04-04T02:17:33.484564,25127731,2025-04-04T02:17:45.600391,2,2091uatom,
channel-141,4403763,25127729,2025-04-04T02:17:33.484564,25127731,2025-04-04T02:17:45.600391,2,2091uatom,
channel-141,4403761,25127727,2025-04-04T02:17:27.506349,25127729,2025-04-04T02:17:33.484564,2,2571uatom,
channel-141,4403759,25127726,2025-04-04T02:17:21.453435,25127729,2025-04-04T02:17:33.484564,3,367uatom,
channel-141,4403760,25127726,2025-04-04T02:17:21.453435,25127729,2025-04-04T02:17:33.484564,3,367uatom,
channel-141,4403758,25127723,2025-04-04T02:17:03.182816,25127725,2025-04-04T02:17:15.360493,2,1985uatom,
channel-141,4403757,25127714,2025-04-04T02:16:13.629482,25127716,2025-04-04T02:16:23.025829,2,2445uatom,
channel-141,4403756,25127710,2025-04-04T02:15:49.531687,25127713,2025-04-04T02:16:07.537680,3,2096uatom,
channel-141,4403755,25127708,2025-04-04T02:15:37.516844,25127710,2025-04-04T02:15:49.531687,2,638uatom,
channel-569,345405,25127707,2025-04-04T02:15:31.574762,25127709,2025-04-04T02:15:43.503850,2,2278uatom,
channel-141,4403754,25127707,2025-04-04T02:15:31.574762,25127709,2025-04-04T02:15:43.503850,2,2278uatom,
channel-141,4403753,25127706,2025-04-04T02:15:25.535788,25127709,2025-04-04T02:15:43.503850,3,771uatom,
channel-141,4403752,25127705,2025-04-04T02:15:19.575654,25127707,2025-04-04T02:15:31.574762,2,414uatom,
channel-569,345404,25127694,2025-04-04T02:14:17.413982,25127697,2025-04-04T02:14:32.792914,3,1202uatom,
channel-141,4403751,25127692,2025-04-04T02:14:05.283967,25127695,2025-04-04T02:14:24.679974,3,694uatom,
channel-391,389402,25127689,2025-04-04T02:13:47.124061,25127693,2025-04-04T02:14:11.306147,4,671uatom,
channel-141,4403749,25127679,2025-04-04T02:12:46.160364,25127681,2025-04-04T02:12:58.598471,2,1649uatom,
channel-141,4403750,25127679,2025-04-04T02:12:46.160364,25127681,2025-04-04T02:12:58.598471,2,1649uatom,
channel-326,131513,25127676,2025-04-04T02:12:29.897246,25127680,2025-04-04T02:12:52.185088,4,366uatom,
channel-141,4403748,25127669,2025-04-04T02:11:47.282433,25127671,2025-04-04T02:11:59.711878,2,2140uatom,
channel-141,4403747,25127667,2025-04-04T02:11:35.116895,25127669,2025-04-04T02:11:47.282433,2,395uatom,
channel-141,4403746,25127660,2025-04-04T02:10:56.100904,25127662,2025-04-04T02:11:08.691744,2,2136uatom,
channel-141,4403745,25127658,2025-04-04T02:10:44.156358,25127660,2025-04-04T02:10:56.100904,2,2379uatom,
channel-141,4403744,25127657,2025-04-04T02:10:38.007192,25127659,2025-04-04T02:10:50.170761,2,638uatom,
channel-141,4403742,25127656,2025-04-04T02:10:31.801702,25127658,2025-04-04T02:10:44.156358,2,421uatom,
channel-141,4403743,25127656,2025-04-04T02:10:31.801702,25127658,2025-04-04T02:10:44.156358,2,421uatom,
channel-141,4403741,25127646,2025-04-04T02:09:32.894469,25127648,2025-04-04T02:09:45.211103,2,366uatom,
channel-569,345403,25127643,2025-04-04T02:09:14.902086,25127646,2025-04-04T02:09:32.894469,3,636uatom,
channel-141,4403739,25127643,2025-04-04T02:09:14.902086,25127645,2025-04-04T02:09:26.873863,2,636uatom,
channel-141,4403740,25127643,2025-04-04T02:09:14.902086,25127645,2025-04-04T02:09:26.873863,2,636uatom,
channel-141,4403738,25127642,2025-04-04T02:09:08.650237,25127644,2025-04-04T02:09:20.885991,2,2127uatom,
channel-141,4403737,25127640,2025-04-04T02:08:56.502051,25127642,2025-04-04T02:09:08.650237,2,416uatom,
channel-141,4403736,25127639,2025-04-04T02:08:49.215000,25127641,2025-04-04T02:09:02.534589,2,2848uatom,
channel-141,4403734,25127638,2025-04-04T02:08:43.074644,25127640,2025-04-04T02:08:56.502051,2,3083uatom,
channel-141,4403735,25127638,2025-04-04T02:08:43.074644,25127640,2025-04-04T02:08:56.502051,2,3083uatom,
channel-141,4403732,25127628,2025-04-04T02:07:46.187333,25127630,2025-04-04T02:07:58.342229,2,638uatom,
channel-141,4403733,25127628,2025-04-04T02:07:46.187333,25127630,2025-04-04T02:07:58.342229,2,638uatom,
channel-141,4403731,25127625,2025-04-04T02:07:30.085222,25127628,2025-04-04T02:07:46.187333,3,1601uatom,
channel-141,4403729,25127624,2025-04-04T02:07:23.875462,25127626,2025-04-04T02:07:36.051087,2,2613uatom,
channel-141,4403730,25127624,2025-04-04T02:07:23.875462,25127626,2025-04-04T02:07:36.051087,2,2613uatom,
channel-141,4403728,25127620,2025-04-04T02:06:59.034050,25127622,2025-04-04T02:07:11.537538,2,717uatom,
channel-141,4403727,25127617,2025-04-04T02:06:40.880710,25127619,2025-04-04T02:06:52.967984,2,638uatom,
channel-141,4403726,25127615,2025-04-04T02:06:28.863378,25127618,2025-04-04T02:06:46.882468,3,705uatom,
channel-569,345402,25127612,2025-04-04T02:06:10.801614,25127615,2025-04-04T02:06:28.863378,3,1567uatom,
channel-141,4403725,25127611,2025-04-04T02:06:04.393050,25127613,2025-04-04T02:06:16.854576,2,717uatom,
channel-141,4403724,25127610,2025-04-04T02:05:58.001182,25127613,2025-04-04T02:06:16.854576,3,2451uatom,
channel-141,4403723,25127604,2025-04-04T02:05:21.319142,25127606,2025-04-04T02:05:33.668782,2,2444uatom,
channel-730,32255,25127599,2025-04-04T02:04:59.359336,25127602,2025-04-04T02:05:15.357956,3,585uatom,
channel-141,4403722,25127596,2025-04-04T02:04:40.704277,25127598,2025-04-04T02:04:53.232478,2,2297uatom,
channel-141,4403721,25127595,2025-04-04T02:04:34.641622,25127597,2025-04-04T02:04:47.144259,2,3832uatom,
channel-141,4403720,25127592,2025-04-04T02:04:16.238273,25127594,2025-04-04T02:04:28.364231,2,2366uatom,
channel-730,32254,25127591,2025-04-04T02:04:10.123372,25127594,2025-04-04T02:04:28.364231,3,2642uatom,
channel-141,4403719,25127584,2025-04-04T02:03:27.428397,25127586,2025-04-04T02:03:39.840826,2,682uatom,
channel-569,345401,25127580,2025-04-04T02:03:02.107017,25127583,2025-04-04T02:03:21.296536,3,737uatom,
channel-220,115918,25127568,2025-04-04T02:01:55.828447,25127570,2025-04-04T02:02:03.847193,2,2292uatom,
channel-569,345400,25127560,2025-04-04T02:01:07.153548,25127563,2025-04-04T02:01:25.670310,3,414uatom,
channel-220,115917,25127560,2025-04-04T02:01:07.153548,25127562,2025-04-04T02:01:19.548078,2,414uatom,
channel-141,4403718,25127551,2025-04-04T02:00:14.256821,25127553,2025-04-04T02:00:24.224228,2,3250uatom,
channel-141,4403717,25127546,2025-04-04T01:59:43.855915,25127548,2025-04-04T01:59:55.656599,2,2444uatom,
channel-141,4403716,25127545,2025-04-04T01:59:37.840922,25127547,2025-04-04T01:59:49.809430,2,412uatom,
channel-569,345399,25127545,2025-04-04T01:59:37.840922,25127548,2025-04-04T01:59:55.656599,3,412uatom,
channel-141,4403714,25127544,2025-04-04T01:59:31.719671,25127546,2025-04-04T01:59:43.855915,2,1749uatom,
channel-141,4403715,25127544,2025-04-04T01:59:31.719671,25127546,2025-04-04T01:59:43.855915,2,1749uatom,
channel-141,4403713,25127541,2025-04-04T01:59:13.260081,25127543,2025-04-04T01:59:25.762829,2,1746uatom,
channel-141,4403712,25127538,2025-04-04T01:58:58.988569,25127541,2025-04-04T01:59:13.260081,3,1497uatom,
channel-569,345398,25127534,2025-04-04T01:58:34.766438,25127537,2025-04-04T01:58:52.797755,3,1730uatom,
channel-141,4403710,25127534,2025-04-04T01:58:34.766438,25127536,2025-04-04T01:58:46.729932,2,1730uatom,
channel-141,4403711,25127534,2025-04-04T01:58:34.766438,25127536,2025-04-04T01:58:46.729932,2,1730uatom,
channel-141,4403709,25127527,2025-04-04T01:57:52.469172,25127529,2025-04-04T01:58:04.446226,2,1833uatom,
channel-190,54206,25127524,2025-04-04T01:57:35.290072,25127527,2025-04-04T01:57:52.469172,3,422uatom,
channel-141,4403708,25127524,2025-04-04T01:57:35.290072,25127527,2025-04-04T01:57:52.469172,3,422uatom,
channel-343,126220,25127521,2025-04-04T01:57:17.216891,25127524,2025-04-04T01:57:35.290072,3,636uatom,
channel-141,4403707,25127517,2025-04-04T01:56:52.858940,25127519,2025-04-04T01:57:04.826442,2,2303uatom,
channel-141,4403706,25127508,2025-04-04T01:56:02.437900,25127510,2025-04-04T01:56:14.360101,2,2082uatom,
channel-141,4403705,25127506,2025-04-04T01:55:54.255157,25127508,2025-04-04T01:56:02.437900,2,643uatom,
channel-190,54205,25127505,2025-04-04T01:55:48.094740,25127509,2025-04-04T01:56:08.402671,4,414uatom,
channel-730,32253,25127484,2025-04-04T01:53:42.719207,25127487,2025-04-04T01:54:00.648544,3,2735uatom,
channel-141,4403704,25127477,2025-04-04T01:53:05.167416,25127480,2025-04-04T01:53:18.233183,3,636uatom,
channel-326,131512,25127473,2025-04-04T01:52:46.945192,25127477,2025-04-04T01:53:05.167416,4,8996uatom,
channel-190,54204,25127470,2025-04-04T01:52:28.310915,25127473,2025-04-04T01:52:46.945192,3,365uatom,
channel-141,4403703,25127468,2025-04-04T01:52:16.237565,25127470,2025-04-04T01:52:28.310915,2,380uatom,
channel-141,4403702,25127464,2025-04-04T01:51:51.055173,25127466,2025-04-04T01:52:04.158188,2,694uatom,
channel-301,77802,25127437,2025-04-04T01:49:14.299863,25127439,2025-04-04T01:49:28.154123,2,2385uatom,
channel-141,4403700,25127435,2025-04-04T01:49:02.052323,25127437,2025-04-04T01:49:14.299863,2,2284uatom,
channel-141,4403701,25127435,2025-04-04T01:49:02.052323,25127437,2025-04-04T01:49:14.299863,2,2284uatom,
channel-141,4403699,25127426,2025-04-04T01:48:09.875524,25127430,2025-04-04T01:48:31.908592,4,414uatom,
channel-141,4403698,25127412,2025-04-04T01:46:48.419035,25127415,2025-04-04T01:47:03.331770,3,12867uatom,
channel-141,4403697,25127411,2025-04-04T01:46:42.396749,25127414,2025-04-04T01:46:57.408798,3,695uatom,
channel-859,24811,25127407,2025-04-04T01:46:17.803209,25127411,2025-04-04T01:46:42.396749,4,5526uatom,
channel-301,77801,25127404,2025-04-04T01:45:59.594536,25127406,2025-04-04T01:46:11.563956,2,598uatom,
channel-141,4403696,25127403,2025-04-04T01:45:53.455160,25127405,2025-04-04T01:46:05.562313,2,2306uatom,
channel-569,345397,25127403,2025-04-04T01:45:53.455160,25127405,2025-04-04T01:46:05.562313,2,2306uatom,
channel-569,345396,25127402,2025-04-04T01:45:47.356627,25127405,2025-04-04T01:46:05.562313,3,2596uatom,
channel-569,345395,25127365,2025-04-04T01:42:10.348112,25127367,2025-04-04T01:42:22.397376,2,2441uatom,
channel-141,4403695,25127350,2025-04-04T01:40:42.817584,25127353,2025-04-04T01:40:57.697618,3,697uatom,
channel-141,4403694,25127342,2025-04-04T01:39:57.912348,25127344,2025-04-04T01:40:09.750738,2,2476uatom,
channel-141,4403693,25127340,2025-04-04T01:39:46.935246,25127342,2025-04-04T01:39:57.912348,2,637uatom,
channel-141,4403692,25127331,2025-04-04T01:38:51.008340,25127333,2025-04-04T01:39:03.337401,2,2467uatom,
channel-141,4403691,25127315,2025-04-04T01:37:19.209708,25127318,2025-04-04T01:37:33.417509,3,2325uatom,
channel-391,389401,25127306,2025-04-04T01:36:23.943004,25127310,2025-04-04T01:36:48.260433,4,414uatom,
channel-141,4403690,25127277,2025-04-04T01:33:32.190885,25127279,2025-04-04T01:33:44.353250,2,2725uatom,
channel-326,131511,25127272,2025-04-04T01:33:03.988532,25127276,2025-04-04T01:33:26.135098,4,465uatom,
channel-141,4403689,25127258,2025-04-04T01:31:42.260095,25127260,2025-04-04T01:31:54.842965,2,463uatom,
channel-141,4403688,25127239,2025-04-04T01:29:52.475410,25127242,2025-04-04T01:30:10.803580,3,363uatom,
channel-141,4403687,25127237,2025-04-04T01:29:40.249146,25127239,2025-04-04T01:29:52.475410,2,643uatom,
channel-141,4403686,25127232,2025-04-04T01:29:09.175641,25127234,2025-04-04T01:29:21.082369,2,1619uatom,
channel-141,4403685,25127226,2025-04-04T01:28:32.645019,25127228,2025-04-04T01:28:44.490330,2,416uatom,
channel-141,4403684,25127225,2025-04-04T01:28:26.394893,25127227,2025-04-04T01:28:38.543619,2,2729uatom,
channel-569,345394,25127216,2025-04-04T01:27:43.942726,25127219,2025-04-04T01:28:02.437446,3,2352uatom,
channel-569,345393,25127209,2025-04-04T01:27:01.442312,25127212,2025-04-04T01:27:19.579158,3,414uatom,
channel-859,24810,25127186,2025-04-04T01:24:47.027038,25127190,2025-04-04T01:25:08.036847,4,585uatom,
channel-141,4403683,25127181,2025-04-04T01:24:16.500599,25127183,2025-04-04T01:24:28.546661,2,637uatom,
channel-141,4403682,25127153,2025-04-04T01:21:30.434168,25127156,2025-04-04T01:21:48.707646,3,421uatom,
channel-241,42070,25127146,2025-04-04T01:20:49.977204,25127150,2025-04-04T01:21:12.188713,4,586uatom,
channel-141,4403681,25127134,2025-04-04T01:19:39.953547,25127136,2025-04-04T01:19:49.192970,2,2143uatom,
channel-141,4403680,25127132,2025-04-04T01:19:27.613104,25127134,2025-04-04T01:19:39.953547,2,2294uatom,
channel-141,4403679,25127112,2025-04-04T01:17:26.140544,25127115,2025-04-04T01:17:49.341806,3,1157uatom,
channel-141,4403678,25127107,2025-04-04T01:16:55.717545,25127109,2025-04-04T01:17:08.065046,2,3211uatom,
channel-141,4403677,25127103,2025-04-04T01:16:31.326638,25127105,2025-04-04T01:16:43.525893,2,694uatom,
channel-326,131510,25127086,2025-04-04T01:14:56.496035,25127090,2025-04-04T01:15:20.781523,4,421uatom,
channel-326,131509,25127066,2025-04-04T01:12:57.424890,25127070,2025-04-04T01:13:21.761106,4,565uatom,
channel-141,4403676,25127046,2025-04-04T01:11:00.321385,25127048,2025-04-04T01:11:10.756273,2,642uatom,
channel-141,4403675,25127045,2025-04-04T01:10:54.263371,25127047,2025-04-04T01:11:04.302956,2,3110uatom,
channel-569,345392,25127042,2025-04-04T01:10:38.974878,25127045,2025-04-04T01:10:54.263371,3,414uatom,
channel-141,4403674,25127042,2025-04-04T01:10:38.974878,25127045,2025-04-04T01:10:54.263371,3,414uatom,
channel-141,4403673,25127024,2025-04-04T01:08:53.325663,25127026,2025-04-04T01:09:05.560254,2,3551uatom,
channel-220,115916,25127015,2025-04-04T01:08:00.207249,25127017,2025-04-04T01:08:12.612706,2,416uatom,
channel-141,4403672,25127010,2025-04-04T01:07:29.916909,25127012,2025-04-04T01:07:41.807132,2,2891uatom,
channel-141,4403671,25126977,2025-04-04T01:04:18.799735,25126979,2025-04-04T01:04:30.850494,2,366uatom,
channel-794,22815,25126957,2025-04-04T01:02:29.744365,25126961,2025-04-04T01:02:54.006825,4,413uatom,
channel-569,345391,25126954,2025-04-04T01:02:11.415475,25126956,2025-04-04T01:02:23.570619,2,415uatom,
channel-859,24809,25126943,2025-04-04T01:01:06.026217,25126947,2025-04-04T01:01:28.138220,4,2659uatom,
channel-391,389400,25126942,2025-04-04T01:00:59.837496,25126945,2025-04-04T01:01:18.101194,3,695uatom,
channel-141,4403670,25126942,2025-04-04T01:00:59.837496,25126944,2025-04-04T01:01:11.968114,2,695uatom,
channel-1266,44835,25126941,2025-04-04T01:00:53.573679,25126944,2025-04-04T01:01:11.968114,3,2572uatom,
channel-569,345390,25126939,2025-04-04T01:00:41.619299,25126942,2025-04-04T01:00:59.837496,3,27671uatom,
channel-859,24808,25126930,2025-04-04T00:59:50.974878,25126934,2025-04-04T01:00:15.272494,4,634uatom,
