height,timestamp,chain_id,proposer_address,num_transactions,num_signatures,num_validators,unique_validator_addresses,max_voting_power,min_voting_power,total_voting_power,max_proposer_priority,max_priority_address,min_proposer_priority,min_priority_address,matches_min_priority,matches_prev_max_priority,proposer_rank_in_prev
181393,2025-04-29T09:16:29.312211262Z,bbn-1,DA37D2935EAE0A92DE55E86DB2E887B4F18575F0,96,100,100,100,58550557,658,1305195157,696133309,DA37D2935EAE0A92DE55E86DB2E887B4F18575F0,-1449279221,B3F0E466CF435FC603117E6CD516AB7E6337E212,False,,
181394,2025-04-29T09:16:44.203872414Z,bbn-1,DA37D2935EAE0A92DE55E86DB2E887B4F18575F0,71,100,100,100,58550557,658,1305195157,712547512,5295664886565F43A3074140551A755872BF6FFD,-1449256563,B3F0E466CF435FC603117E6CD516AB7E6337E212,False,True,1.0
181395,2025-04-29T09:16:54.80743019Z,bbn-1,5295664886565F43A3074140551A755872BF6FFD,68,100,100,100,58550557,658,1305195157,709680502,77BE23139B650D69EDE7985B31FD7B1CEE9CA7D3,-1449233905,B3F0E466CF435FC603117E6CD516AB7E6337E212,False,True,1.0
181396,2025-04-29T09:17:05.108939432Z,bbn-1,77BE23139B650D69EDE7985B31FD7B1CEE9CA7D3,70,100,100,100,58550557,658,1305195157,728148203,43804074334AC6111233037EFE20105C516B0E9F,-1449211247,B3F0E466CF435FC603117E6CD516AB7E6337E212,False,True,1.0
181397,2025-04-29T09:17:15.17855586Z,bbn-1,43804074334AC6111233037EFE20105C516B0E9F,75,100,100,100,58550557,658,1305195157,714315064,3C70D8336DEE739BDF2D1C5A0FCA0A88B87B9A6D,-1449188589,B3F0E466CF435FC603117E6CD516AB7E6337E212,False,True,1.0
181398,2025-04-29T09:17:25.488488856Z,bbn-1,3C70D8336DEE739BDF2D1C5A0FCA0A88B87B9A6D,71,100,100,100,58550557,658,1305195157,725027045,35F6C0359084C37EF6EB4061B694386910093B99,-1449165931,B3F0E466CF435FC603117E6CD516AB7E6337E212,False,True,1.0
181399,2025-04-29T09:17:35.473314277Z,bbn-1,35F6C0359084C37EF6EB4061B694386910093B99,76,100,100,100,58550557,658,1305195157,685053089,CCB2909DCD316FC5E738DCDB1F14360F04B44320,-1449143273,B3F0E466CF435FC603117E6CD516AB7E6337E212,False,True,1.0
181400,2025-04-29T09:17:45.826960087Z,bbn-1,1A4B644C16A4A1904618F8D3C0F6A67223038390,73,100,100,100,58550557,658,1305195157,701594058,1A4B644C16A4A1904618F8D3C0F6A67223038390,-1449120615,B3F0E466CF435FC603117E6CD516AB7E6337E212,False,False,3.0
181401,2025-04-29T09:18:00.77238848Z,bbn-1,1A4B644C16A4A1904618F8D3C0F6A67223038390,79,100,100,100,58550557,658,1305195157,694594521,671D816776E8C7FAE18DC122FB6DC231956C6D48,-1449097957,B3F0E466CF435FC603117E6CD516AB7E6337E212,False,True,1.0
181402,2025-04-29T09:18:11.26766859Z,bbn-1,33ECD5899A91105BB4E51066EB138189BC3825AD,73,100,100,100,58550557,658,1305195157,715711171,671D816776E8C7FAE18DC122FB6DC231956C6D48,-1449075299,B3F0E466CF435FC603117E6CD516AB7E6337E212,False,False,4.0
181403,2025-04-29T09:18:21.487959605Z,bbn-1,671D816776E8C7FAE18DC122FB6DC231956C6D48,69,100,100,100,58550557,658,1305195157,732469389,E2FC4DF9E7870FC8238136FACA07A120CC078A0C,-1449052641,B3F0E466CF435FC603117E6CD516AB7E6337E212,False,True,1.0
181404,2025-04-29T09:18:31.419763116Z,bbn-1,C27B627C2FD11EE1E3E850738720692BE2E3F4C6,72,100,100,100,58550557,658,1305195157,753584959,E2FC4DF9E7870FC8238136FACA07A120CC078A0C,-1449029983,B3F0E466CF435FC603117E6CD516AB7E6337E212,False,False,2.0
181405,2025-04-29T09:18:41.564788204Z,bbn-1,E2FC4DF9E7870FC8238136FACA07A120CC078A0C,78,100,100,100,58550557,658,1305195157,759454486,BB386AA0E7B37EB33516AEBB58CAE3574AF85D1F,-1449007325,B3F0E466CF435FC603117E6CD516AB7E6337E212,False,True,1.0
181406,2025-04-29T09:18:51.601772909Z,bbn-1,BB386AA0E7B37EB33516AEBB58CAE3574AF85D1F,73,100,100,100,58550557,658,1305195157,779149144,1B03AB3C744545B281D224127708A9EC7487E58C,-1448984667,B3F0E466CF435FC603117E6CD516AB7E6337E212,False,True,1.0
181407,2025-04-29T09:19:01.762415503Z,bbn-1,1B03AB3C744545B281D224127708A9EC7487E58C,74,100,100,100,58550557,658,1305195157,771012125,44C395A4A96C6D1A450ED33B5A8DDB359CEFED36,-1448962009,B3F0E466CF435FC603117E6CD516AB7E6337E212,False,True,1.0
181408,2025-04-29T09:19:12.065885803Z,bbn-1,44C395A4A96C6D1A450ED33B5A8DDB359CEFED36,73,100,100,100,58550557,658,1305195157,768859192,53406DE83381DD804632447F1BAED00CF28048E0,-1448939351,B3F0E466CF435FC603117E6CD516AB7E6337E212,False,True,1.0
181409,2025-04-29T09:19:22.15480563Z,bbn-1,53406DE83381DD804632447F1BAED00CF28048E0,71,100,100,100,58550557,658,1305195157,772045603,2A3D40C3E7CE8D6B55077335CAB141C2E11AC254,-1448916693,B3F0E466CF435FC603117E6CD516AB7E6337E212,False,True,1.0
181410,2025-04-29T09:19:32.100203311Z,bbn-1,2A3D40C3E7CE8D6B55077335CAB141C2E11AC254,68,100,100,100,58550557,658,1305195157,736422675,FBC2A3F682B507F1A3A5D4C44C8CBB6AF0860296,-1448894035,B3F0E466CF435FC603117E6CD516AB7E6337E212,False,True,1.0
181411,2025-04-29T09:19:42.340481789Z,bbn-1,EC033669FE506006F870BD8B12CB524A3ABC3693,77,100,100,100,58550557,658,1305195157,747634494,FBC2A3F682B507F1A3A5D4C44C8CBB6AF0860296,-1448871377,B3F0E466CF435FC603117E6CD516AB7E6337E212,False,False,3.0
181412,2025-04-29T09:19:53.197407502Z,bbn-1,718160E3538E0B0ED83D3B3DC4ECE83809FCD107,72,100,100,100,58550557,658,1305195157,758846313,FBC2A3F682B507F1A3A5D4C44C8CBB6AF0860296,-1448848719,B3F0E466CF435FC603117E6CD516AB7E6337E212,False,False,2.0
181413,2025-04-29T09:20:03.307041315Z,bbn-1,FBC2A3F682B507F1A3A5D4C44C8CBB6AF0860296,69,100,100,100,58550557,658,1305195157,743796621,2972B0DF619F73D1A5C8933AFF22AD8C9258F370,-1448826061,B3F0E466CF435FC603117E6CD516AB7E6337E212,False,True,1.0
181414,2025-04-29T09:20:13.367343012Z,bbn-1,64CDACB04FB9C3B290579644F9EDBD05CB00BB7D,76,100,100,100,58550557,658,1305195157,752238051,2972B0DF619F73D1A5C8933AFF22AD8C9258F370,-1448803403,B3F0E466CF435FC603117E6CD516AB7E6337E212,False,False,3.0
181415,2025-04-29T09:20:23.463278552Z,bbn-1,2972B0DF619F73D1A5C8933AFF22AD8C9258F370,76,100,100,100,58550557,658,1305195157,760355541,A8F38FCB39B580C4B856DCAED882D504A216EE00,-1448780745,B3F0E466CF435FC603117E6CD516AB7E6337E212,False,True,1.0
181416,2025-04-29T09:20:33.632269546Z,bbn-1,A8F38FCB39B580C4B856DCAED882D504A216EE00,82,100,100,100,58550557,658,1305195157,768651144,6CC0A1531FF58D61DC9061C5B89BC0EFC07911FC,-1448758087,B3F0E466CF435FC603117E6CD516AB7E6337E212,False,True,1.0
181417,2025-04-29T09:20:43.683566167Z,bbn-1,6CC0A1531FF58D61DC9061C5B89BC0EFC07911FC,67,100,100,100,58550557,658,1305195157,787884559,F2E6BB25D8D269C9737BD3789B11DC76C4FC56E7,-1448735429,B3F0E466CF435FC603117E6CD516AB7E6337E212,False,True,1.0
181418,2025-04-29T09:20:53.663326343Z,bbn-1,F2E6BB25D8D269C9737BD3789B11DC76C4FC56E7,71,100,100,100,58550557,658,1305195157,786897977,B03F0CB997F3428EF3968833BCA2F2A4F613A8EB,-1448712771,B3F0E466CF435FC603117E6CD516AB7E6337E212,False,True,1.0
181419,2025-04-29T09:21:03.691491691Z,bbn-1,B03F0CB997F3428EF3968833BCA2F2A4F613A8EB,81,100,100,100,58550557,658,1305195157,805700026,B41EF50272A7A2398BA617D3C963986EBEBC5B2D,-1448690113,B3F0E466CF435FC603117E6CD516AB7E6337E212,False,True,1.0
181420,2025-04-29T09:21:13.956859053Z,bbn-1,B41EF50272A7A2398BA617D3C963986EBEBC5B2D,76,100,100,100,58550557,658,1305195157,755782718,3C70D8336DEE739BDF2D1C5A0FCA0A88B87B9A6D,-1448667455,B3F0E466CF435FC603117E6CD516AB7E6337E212,False,True,1.0
181421,2025-04-29T09:21:24.609341342Z,bbn-1,3C70D8336DEE739BDF2D1C5A0FCA0A88B87B9A6D,71,100,100,100,58550557,658,1305195157,790953440,DA37D2935EAE0A92DE55E86DB2E887B4F18575F0,-1448644797,B3F0E466CF435FC603117E6CD516AB7E6337E212,False,True,1.0
181422,2025-04-29T09:21:34.579306176Z,bbn-1,DA37D2935EAE0A92DE55E86DB2E887B4F18575F0,69,100,100,100,58550557,658,1305195157,807474211,5295664886565F43A3074140551A755872BF6FFD,-1448622139,B3F0E466CF435FC603117E6CD516AB7E6337E212,False,True,1.0
181423,2025-04-29T09:21:45.165996944Z,bbn-1,5295664886565F43A3074140551A755872BF6FFD,71,100,100,100,58550557,658,1305195157,775900993,70DAC78498AFC6D766D860C433265A274D48B7D8,-1448599481,B3F0E466CF435FC603117E6CD516AB7E6337E212,False,True,1.0
181424,2025-04-29T09:21:55.495016128Z,bbn-1,43804074334AC6111233037EFE20105C516B0E9F,68,100,100,100,58550557,658,1305195157,795965268,70DAC78498AFC6D766D860C433265A274D48B7D8,-1448576823,B3F0E466CF435FC603117E6CD516AB7E6337E212,False,False,2.0
181425,2025-04-29T09:22:05.804843139Z,bbn-1,70DAC78498AFC6D766D860C433265A274D48B7D8,74,100,100,100,58550557,658,1305195157,758936396,9FEE83FBF0BD5A4D71519EFC16D0D438C203DD5A,-1448554165,B3F0E466CF435FC603117E6CD516AB7E6337E212,False,True,1.0
181426,2025-04-29T09:22:15.884388388Z,bbn-1,9FEE83FBF0BD5A4D71519EFC16D0D438C203DD5A,63,100,100,100,58550557,658,1305195157,729437463,2AB301F354A74F45AFB347B2C00CDCEB09CC719D,-1448531507,B3F0E466CF435FC603117E6CD516AB7E6337E212,False,True,1.0
181427,2025-04-29T09:22:21.634222932Z,bbn-1,33ECD5899A91105BB4E51066EB138189BC3825AD,73,100,100,100,58550557,658,1305195157,737876784,2AB301F354A74F45AFB347B2C00CDCEB09CC719D,-1448508849,B3F0E466CF435FC603117E6CD516AB7E6337E212,False,False,2.0
181428,2025-04-29T09:22:31.763750741Z,bbn-1,C27B627C2FD11EE1E3E850738720692BE2E3F4C6,71,100,100,100,58550557,658,1305195157,746316105,2AB301F354A74F45AFB347B2C00CDCEB09CC719D,-1448486191,B3F0E466CF435FC603117E6CD516AB7E6337E212,False,False,3.0
181429,2025-04-29T09:22:41.894773222Z,bbn-1,2AB301F354A74F45AFB347B2C00CDCEB09CC719D,68,100,100,100,58550557,658,1305195157,728794328,3965C223E13AC66F8175C86E657D396C711964B7,-1448463533,B3F0E466CF435FC603117E6CD516AB7E6337E212,False,True,1.0
181430,2025-04-29T09:22:52.121085456Z,bbn-1,3965C223E13AC66F8175C86E657D396C711964B7,76,100,100,100,58550557,658,1305195157,716843740,B44FC7D70708095FBC30AF164410749483F96439,-1448440875,B3F0E466CF435FC603117E6CD516AB7E6337E212,False,True,1.0
181431,2025-04-29T09:23:02.190590362Z,bbn-1,BB386AA0E7B37EB33516AEBB58CAE3574AF85D1F,72,100,100,100,58550557,658,1305195157,728472520,44C395A4A96C6D1A450ED33B5A8DDB359CEFED36,-1448418217,B3F0E466CF435FC603117E6CD516AB7E6337E212,False,False,3.0
181432,2025-04-29T09:23:12.391284388Z,bbn-1,44C395A4A96C6D1A450ED33B5A8DDB359CEFED36,71,100,100,100,58550557,658,1305195157,733720986,B44FC7D70708095FBC30AF164410749483F96439,-1448395559,B3F0E466CF435FC603117E6CD516AB7E6337E212,False,True,1.0
181433,2025-04-29T09:23:22.487403264Z,bbn-1,B44FC7D70708095FBC30AF164410749483F96439,72,100,100,100,58550557,658,1305195157,717480112,5C78A0762F13B0B2A793E82D1A178EB45642234D,-1448372901,B3F0E466CF435FC603117E6CD516AB7E6337E212,False,True,1.0
181434,2025-04-29T09:23:32.942942962Z,bbn-1,2A3D40C3E7CE8D6B55077335CAB141C2E11AC254,73,100,100,100,58550557,658,1305195157,737533436,5C78A0762F13B0B2A793E82D1A178EB45642234D,-1448350243,B3F0E466CF435FC603117E6CD516AB7E6337E212,False,False,3.0
181435,2025-04-29T09:23:43.241328322Z,bbn-1,5C78A0762F13B0B2A793E82D1A178EB45642234D,71,100,100,100,58550557,658,1305195157,717947982,2C4E108C3F09CF9B8B1515D3B26D50E332D86E3B,-1448327585,B3F0E466CF435FC603117E6CD516AB7E6337E212,False,True,1.0
181436,2025-04-29T09:23:53.367997354Z,bbn-1,EC033669FE506006F870BD8B12CB524A3ABC3693,78,100,100,100,58550557,658,1305195157,726385483,2C4E108C3F09CF9B8B1515D3B26D50E332D86E3B,-1448304927,B3F0E466CF435FC603117E6CD516AB7E6337E212,False,False,5.0
181437,2025-04-29T09:24:04.25385005Z,bbn-1,2C4E108C3F09CF9B8B1515D3B26D50E332D86E3B,68,100,100,100,58550557,658,1305195157,732767140,C268FE001A533B6F0860167381384363A790FD0D,-1448282269,B3F0E466CF435FC603117E6CD516AB7E6337E212,False,True,1.0
181438,2025-04-29T09:24:14.229647173Z,bbn-1,C268FE001A533B6F0860167381384363A790FD0D,70,100,100,100,58550557,658,1305195157,717873987,DC0802AD3262ECD784CE339D87073C836E31C69E,-1448259611,B3F0E466CF435FC603117E6CD516AB7E6337E212,False,True,1.0
181439,2025-04-29T09:24:20.097012553Z,bbn-1,DC0802AD3262ECD784CE339D87073C836E31C69E,69,100,100,100,58550557,658,1305195157,717640267,FBE1E3ED324FA17379403ACFC3DD28FA882C6E65,-1448236953,B3F0E466CF435FC603117E6CD516AB7E6337E212,False,True,1.0
181440,2025-04-29T09:24:30.237894327Z,bbn-1,64CDACB04FB9C3B290579644F9EDBD05CB00BB7D,73,100,100,100,58550557,658,1305195157,718520917,FBE1E3ED324FA17379403ACFC3DD28FA882C6E65,-1448214295,B3F0E466CF435FC603117E6CD516AB7E6337E212,False,False,2.0
181441,2025-04-29T09:24:40.299831268Z,bbn-1,F2E6BB25D8D269C9737BD3789B11DC76C4FC56E7,74,100,100,100,58550557,658,1305195157,722991568,60C51D643048D0A426171BD0DEABD1689A89690F,-1448191637,B3F0E466CF435FC603117E6CD516AB7E6337E212,False,False,8.0
181442,2025-04-29T09:24:50.816324927Z,bbn-1,3C70D8336DEE739BDF2D1C5A0FCA0A88B87B9A6D,81,100,100,100,58578606,520,1285313087,750009859,60C51D643048D0A426171BD0DEABD1689A89690F,-1449896909,173A9B610463088D52B6EE6F476A483B111CCE2E,False,False,11.0
181443,2025-04-29T09:25:00.79584777Z,bbn-1,60C51D643048D0A426171BD0DEABD1689A89690F,75,100,100,100,58578606,520,1285313087,758228226,AEA26001DE9B15D4DAD32808712864E61AE52A17,-1449896389,173A9B610463088D52B6EE6F476A483B111CCE2E,False,True,1.0
181444,2025-04-29T09:25:10.933754677Z,bbn-1,410C1EBAF54C090F0A9132DFA9F79E0F480B2C06,85,100,100,100,58578606,520,1285313087,766685618,AEA26001DE9B15D4DAD32808712864E61AE52A17,-1449895869,173A9B610463088D52B6EE6F476A483B111CCE2E,False,False,6.0
181445,2025-04-29T09:25:21.132090559Z,bbn-1,AEA26001DE9B15D4DAD32808712864E61AE52A17,72,100,100,100,58578606,520,1285313087,770934614,06BE03F1B334FC3F7947D0D031F7DFA568005BD4,-1449895349,173A9B610463088D52B6EE6F476A483B111CCE2E,False,True,1.0
181446,2025-04-29T09:25:31.411541281Z,bbn-1,06BE03F1B334FC3F7947D0D031F7DFA568005BD4,65,100,100,100,58578606,520,1285313087,777559254,5D673308CA2B45E5222303836D833E0F70B1F9B0,-1449894829,173A9B610463088D52B6EE6F476A483B111CCE2E,False,True,1.0
181447,2025-04-29T09:25:37.38138662Z,bbn-1,DA37D2935EAE0A92DE55E86DB2E887B4F18575F0,73,100,100,100,58578606,520,1285313087,785996955,5D673308CA2B45E5222303836D833E0F70B1F9B0,-1449894309,173A9B610463088D52B6EE6F476A483B111CCE2E,False,False,4.0
181448,2025-04-29T09:25:47.838765794Z,bbn-1,5295664886565F43A3074140551A755872BF6FFD,67,100,100,100,58578606,520,1285313087,794434656,5D673308CA2B45E5222303836D833E0F70B1F9B0,-1449893789,173A9B610463088D52B6EE6F476A483B111CCE2E,False,False,4.0
181449,2025-04-29T09:25:58.008584748Z,bbn-1,5D673308CA2B45E5222303836D833E0F70B1F9B0,75,100,100,100,58578606,520,1285313087,799182278,9C4CC8543DC684948490681118957942B29A9200,-1449893269,173A9B610463088D52B6EE6F476A483B111CCE2E,False,True,1.0
181450,2025-04-29T09:26:08.159646207Z,bbn-1,43804074334AC6111233037EFE20105C516B0E9F,79,100,100,100,58578606,520,1285313087,807619980,9C4CC8543DC684948490681118957942B29A9200,-1449892749,173A9B610463088D52B6EE6F476A483B111CCE2E,False,False,3.0
181451,2025-04-29T09:26:18.440138286Z,bbn-1,9C4CC8543DC684948490681118957942B29A9200,75,100,100,100,58578606,520,1285313087,813375328,646D5C6384C84C2E660BF268D0A4EBC1FFBCEEA6,-1449892229,173A9B610463088D52B6EE6F476A483B111CCE2E,False,True,1.0
181452,2025-04-29T09:26:28.449405932Z,bbn-1,33ECD5899A91105BB4E51066EB138189BC3825AD,75,100,100,100,58578606,520,1285313087,821812929,646D5C6384C84C2E660BF268D0A4EBC1FFBCEEA6,-1449891709,173A9B610463088D52B6EE6F476A483B111CCE2E,False,False,4.0
181453,2025-04-29T09:26:38.558631885Z,bbn-1,646D5C6384C84C2E660BF268D0A4EBC1FFBCEEA6,77,100,100,100,58578606,520,1285313087,807205510,02D49D26C87ED7DC1E38D7BFE5B7FCDF5A3A3164,-1449891189,173A9B610463088D52B6EE6F476A483B111CCE2E,False,True,1.0
181454,2025-04-29T09:26:49.048443772Z,bbn-1,C27B627C2FD11EE1E3E850738720692BE2E3F4C6,71,100,100,100,58578606,520,1285313087,815643075,02D49D26C87ED7DC1E38D7BFE5B7FCDF5A3A3164,-1449890669,173A9B610463088D52B6EE6F476A483B111CCE2E,False,False,3.0
181455,2025-04-29T09:26:59.161867244Z,bbn-1,02D49D26C87ED7DC1E38D7BFE5B7FCDF5A3A3164,72,100,100,100,58578606,520,1285313087,822909545,3CE85B466FF74142307B4B03DDACF17A52D46373,-1449890149,173A9B610463088D52B6EE6F476A483B111CCE2E,False,True,1.0
181456,2025-04-29T09:27:09.3579795Z,bbn-1,3CE85B466FF74142307B4B03DDACF17A52D46373,71,100,100,100,58578606,520,1285313087,821455461,521D2A344E322B8BA76401C833A1EC74EA2BD075,-1449889629,173A9B610463088D52B6EE6F476A483B111CCE2E,False,True,1.0
181457,2025-04-29T09:27:19.623431955Z,bbn-1,521D2A344E322B8BA76401C833A1EC74EA2BD075,88,100,100,100,58578606,520,1285313087,824292938,F1961EEE75E5A1C8A11A5BF72FB368B990BDD289,-1449889109,173A9B610463088D52B6EE6F476A483B111CCE2E,False,True,1.0
181458,2025-04-29T09:27:30.34499384Z,bbn-1,44C395A4A96C6D1A450ED33B5A8DDB359CEFED36,69,100,100,100,58578606,520,1285313087,842515549,2A1B3FEE6B29EA1828D427F0E5C3887CB7E64487,-1449888589,173A9B610463088D52B6EE6F476A483B111CCE2E,False,False,6.0
181459,2025-04-29T09:27:40.390198517Z,bbn-1,BB386AA0E7B37EB33516AEBB58CAE3574AF85D1F,72,100,100,100,58578606,520,1285313087,862518786,2A1B3FEE6B29EA1828D427F0E5C3887CB7E64487,-1449888069,173A9B610463088D52B6EE6F476A483B111CCE2E,False,False,6.0
181460,2025-04-29T09:27:50.561869044Z,bbn-1,2A1B3FEE6B29EA1828D427F0E5C3887CB7E64487,80,100,100,100,58578606,520,1285313087,849605444,F1961EEE75E5A1C8A11A5BF72FB368B990BDD289,-1449887549,173A9B610463088D52B6EE6F476A483B111CCE2E,False,True,1.0
181461,2025-04-29T09:28:00.909818165Z,bbn-1,2A3D40C3E7CE8D6B55077335CAB141C2E11AC254,67,100,100,100,58578606,520,1285313087,858042946,F1961EEE75E5A1C8A11A5BF72FB368B990BDD289,-1449887029,173A9B610463088D52B6EE6F476A483B111CCE2E,False,False,5.0
181462,2025-04-29T09:28:11.161127971Z,bbn-1,F1961EEE75E5A1C8A11A5BF72FB368B990BDD289,74,100,100,100,58578606,520,1285313087,865362857,D7076D16C2E91E0EB16753575AC3CEE3057781C0,-1449886509,173A9B610463088D52B6EE6F476A483B111CCE2E,False,True,1.0
181463,2025-04-29T09:28:21.642253072Z,bbn-1,D7076D16C2E91E0EB16753575AC3CEE3057781C0,68,100,100,100,58578606,520,1285313087,872366240,C4EF42D72D69F4B58FFE2A58DB1335269842AC43,-1449885989,173A9B610463088D52B6EE6F476A483B111CCE2E,False,True,1.0
181464,2025-04-29T09:28:27.48459279Z,bbn-1,C4EF42D72D69F4B58FFE2A58DB1335269842AC43,65,100,100,100,58578606,520,1285313087,880748011,913834357F92E577CDC02B1E682C65E86D016AE5,-1449885469,173A9B610463088D52B6EE6F476A483B111CCE2E,False,True,1.0
181465,2025-04-29T09:28:33.623416056Z,bbn-1,EC033669FE506006F870BD8B12CB524A3ABC3693,92,100,100,100,58578606,520,1285313087,889185512,913834357F92E577CDC02B1E682C65E86D016AE5,-1449884949,173A9B610463088D52B6EE6F476A483B111CCE2E,False,False,2.0
181466,2025-04-29T09:28:44.554863534Z,bbn-1,913834357F92E577CDC02B1E682C65E86D016AE5,68,100,100,100,58578606,520,1285313087,877881909,3C70D8336DEE739BDF2D1C5A0FCA0A88B87B9A6D,-1449884429,173A9B610463088D52B6EE6F476A483B111CCE2E,False,True,1.0
181467,2025-04-29T09:28:54.710165975Z,bbn-1,3C70D8336DEE739BDF2D1C5A0FCA0A88B87B9A6D,70,100,100,100,58578606,520,1285313087,863191861,77BE23139B650D69EDE7985B31FD7B1CEE9CA7D3,-1449883909,173A9B610463088D52B6EE6F476A483B111CCE2E,False,True,1.0
181468,2025-04-29T09:29:04.718046809Z,bbn-1,77BE23139B650D69EDE7985B31FD7B1CEE9CA7D3,66,100,100,100,58578606,520,1285313087,876624842,64CDACB04FB9C3B290579644F9EDBD05CB00BB7D,-1449883389,173A9B610463088D52B6EE6F476A483B111CCE2E,False,True,1.0
181469,2025-04-29T09:29:14.846769643Z,bbn-1,64CDACB04FB9C3B290579644F9EDBD05CB00BB7D,70,100,100,100,58578606,520,1285313087,914849085,F2E6BB25D8D269C9737BD3789B11DC76C4FC56E7,-1449882869,173A9B610463088D52B6EE6F476A483B111CCE2E,False,True,1.0
181470,2025-04-29T09:29:24.940912157Z,bbn-1,F2E6BB25D8D269C9737BD3789B11DC76C4FC56E7,73,100,100,100,58578606,520,1285313087,887425921,53406DE83381DD804632447F1BAED00CF28048E0,-1449882349,173A9B610463088D52B6EE6F476A483B111CCE2E,False,True,1.0
181471,2025-04-29T09:29:34.989759195Z,bbn-1,53406DE83381DD804632447F1BAED00CF28048E0,72,100,100,100,58578606,520,1285313087,898489126,35F6C0359084C37EF6EB4061B694386910093B99,-1449881829,173A9B610463088D52B6EE6F476A483B111CCE2E,False,True,1.0
181472,2025-04-29T09:29:44.878615022Z,bbn-1,35F6C0359084C37EF6EB4061B694386910093B99,79,100,100,100,58578606,520,1285313087,907263125,671D816776E8C7FAE18DC122FB6DC231956C6D48,-1449881309,173A9B610463088D52B6EE6F476A483B111CCE2E,False,True,1.0
181473,2025-04-29T09:29:55.095696765Z,bbn-1,671D816776E8C7FAE18DC122FB6DC231956C6D48,74,100,100,100,58578606,520,1285313087,923945808,E2FC4DF9E7870FC8238136FACA07A120CC078A0C,-1449880789,173A9B610463088D52B6EE6F476A483B111CCE2E,False,True,1.0
181474,2025-04-29T09:30:05.080417105Z,bbn-1,E2FC4DF9E7870FC8238136FACA07A120CC078A0C,82,100,100,100,58578606,520,1285313087,928385380,1B03AB3C744545B281D224127708A9EC7487E58C,-1449880269,173A9B610463088D52B6EE6F476A483B111CCE2E,False,True,1.0
181475,2025-04-29T09:30:15.04898975Z,bbn-1,1B03AB3C744545B281D224127708A9EC7487E58C,79,100,100,100,58578606,520,1285313087,919055268,DA37D2935EAE0A92DE55E86DB2E887B4F18575F0,-1449879749,173A9B610463088D52B6EE6F476A483B111CCE2E,False,True,1.0
181476,2025-04-29T09:30:25.159713305Z,bbn-1,DA37D2935EAE0A92DE55E86DB2E887B4F18575F0,82,100,100,100,58578606,520,1285313087,938464546,CCB2909DCD316FC5E738DCDB1F14360F04B44320,-1449879229,173A9B610463088D52B6EE6F476A483B111CCE2E,False,True,1.0
181477,2025-04-29T09:30:35.594902996Z,bbn-1,5295664886565F43A3074140551A755872BF6FFD,76,100,100,100,58578606,520,1285313087,958464884,CCB2909DCD316FC5E738DCDB1F14360F04B44320,-1449878709,173A9B610463088D52B6EE6F476A483B111CCE2E,False,False,2.0
181478,2025-04-29T09:30:45.867237311Z,bbn-1,33ECD5899A91105BB4E51066EB138189BC3825AD,79,100,100,100,58578606,520,1285313087,975025119,1A4B644C16A4A1904618F8D3C0F6A67223038390,-1449878189,173A9B610463088D52B6EE6F476A483B111CCE2E,False,False,4.0
181479,2025-04-29T09:31:00.445115916Z,bbn-1,33ECD5899A91105BB4E51066EB138189BC3825AD,72,100,100,100,58578606,520,1285313087,1001034354,43804074334AC6111233037EFE20105C516B0E9F,-1449877669,173A9B610463088D52B6EE6F476A483B111CCE2E,False,False,2.0
181480,2025-04-29T09:31:10.580056569Z,bbn-1,43804074334AC6111233037EFE20105C516B0E9F,69,100,100,100,58578606,520,1285313087,1015026289,1A4B644C16A4A1904618F8D3C0F6A67223038390,-1449877149,173A9B610463088D52B6EE6F476A483B111CCE2E,False,True,1.0
181481,2025-04-29T09:31:20.782875369Z,bbn-1,1A4B644C16A4A1904618F8D3C0F6A67223038390,70,100,100,100,58578606,520,1285313087,1015598983,C27B627C2FD11EE1E3E850738720692BE2E3F4C6,-1449876629,173A9B610463088D52B6EE6F476A483B111CCE2E,False,True,1.0
181482,2025-04-29T09:31:31.165491566Z,bbn-1,C27B627C2FD11EE1E3E850738720692BE2E3F4C6,85,100,100,100,58578606,520,1285313087,954705523,718160E3538E0B0ED83D3B3DC4ECE83809FCD107,-1449876109,173A9B610463088D52B6EE6F476A483B111CCE2E,False,True,1.0
181483,2025-04-29T09:31:41.249828418Z,bbn-1,718160E3538E0B0ED83D3B3DC4ECE83809FCD107,67,100,100,100,58578606,520,1285313087,926137663,6CC0A1531FF58D61DC9061C5B89BC0EFC07911FC,-1449875589,173A9B610463088D52B6EE6F476A483B111CCE2E,False,True,1.0
181484,2025-04-29T09:31:51.336947704Z,bbn-1,6CC0A1531FF58D61DC9061C5B89BC0EFC07911FC,71,100,100,100,58578606,520,1285313087,944911100,44C395A4A96C6D1A450ED33B5A8DDB359CEFED36,-1449875069,173A9B610463088D52B6EE6F476A483B111CCE2E,False,True,1.0
181485,2025-04-29T09:32:01.34427939Z,bbn-1,44C395A4A96C6D1A450ED33B5A8DDB359CEFED36,91,100,100,100,58578606,520,1285313087,890612393,BB386AA0E7B37EB33516AEBB58CAE3574AF85D1F,-1449874549,173A9B610463088D52B6EE6F476A483B111CCE2E,False,True,1.0
181486,2025-04-29T09:32:11.498102391Z,bbn-1,BB386AA0E7B37EB33516AEBB58CAE3574AF85D1F,75,100,100,100,58578606,520,1285313087,872642952,B03F0CB997F3428EF3968833BCA2F2A4F613A8EB,-1449874029,173A9B610463088D52B6EE6F476A483B111CCE2E,False,True,1.0
181487,2025-04-29T09:32:21.611018652Z,bbn-1,2A3D40C3E7CE8D6B55077335CAB141C2E11AC254,66,100,100,100,58578606,520,1285313087,892824710,B03F0CB997F3428EF3968833BCA2F2A4F613A8EB,-1449873509,173A9B610463088D52B6EE6F476A483B111CCE2E,False,False,2.0
181488,2025-04-29T09:32:31.860772906Z,bbn-1,B03F0CB997F3428EF3968833BCA2F2A4F613A8EB,66,100,100,100,58578606,520,1285313087,903737437,B41EF50272A7A2398BA617D3C963986EBEBC5B2D,-1449872989,173A9B610463088D52B6EE6F476A483B111CCE2E,False,True,1.0
181489,2025-04-29T09:32:42.123702631Z,bbn-1,3C70D8336DEE739BDF2D1C5A0FCA0A88B87B9A6D,69,100,100,100,58578606,520,1285313087,923804857,B41EF50272A7A2398BA617D3C963986EBEBC5B2D,-1449872469,173A9B610463088D52B6EE6F476A483B111CCE2E,False,False,2.0
181490,2025-04-29T09:32:52.1107925Z,bbn-1,B41EF50272A7A2398BA617D3C963986EBEBC5B2D,88,100,100,100,58578606,520,1285313087,911216826,EC033669FE506006F870BD8B12CB524A3ABC3693,-1449871949,173A9B610463088D52B6EE6F476A483B111CCE2E,False,True,1.0
181491,2025-04-29T09:33:02.910637224Z,bbn-1,EC033669FE506006F870BD8B12CB524A3ABC3693,68,100,100,100,58578606,520,1285313087,888460967,3965C223E13AC66F8175C86E657D396C711964B7,-1449871429,173A9B610463088D52B6EE6F476A483B111CCE2E,False,True,1.0
181492,2025-04-29T09:33:13.783947562Z,bbn-1,3965C223E13AC66F8175C86E657D396C711964B7,65,100,100,100,58578606,520,1285313087,873721399,70DAC78498AFC6D766D860C433265A274D48B7D8,-1449870909,173A9B610463088D52B6EE6F476A483B111CCE2E,False,True,1.0
181493,2025-04-29T09:33:23.798597693Z,bbn-1,70DAC78498AFC6D766D860C433265A274D48B7D8,71,100,100,100,58578606,520,1285313087,884359270,F2E6BB25D8D269C9737BD3789B11DC76C4FC56E7,-1449870389,173A9B610463088D52B6EE6F476A483B111CCE2E,False,True,1.0
181494,2025-04-29T09:33:33.810502039Z,bbn-1,F2E6BB25D8D269C9737BD3789B11DC76C4FC56E7,68,100,100,100,58578606,520,1285313087,891509017,64CDACB04FB9C3B290579644F9EDBD05CB00BB7D,-1449869869,173A9B610463088D52B6EE6F476A483B111CCE2E,False,True,1.0
181495,2025-04-29T09:33:43.85489727Z,bbn-1,64CDACB04FB9C3B290579644F9EDBD05CB00BB7D,70,100,100,100,58578606,520,1285313087,879153389,23DF4A8418762CEA4D24B7227AD125DF76D2BAF6,-1449869349,173A9B610463088D52B6EE6F476A483B111CCE2E,False,True,1.0
181496,2025-04-29T09:33:53.928320386Z,bbn-1,23DF4A8418762CEA4D24B7227AD125DF76D2BAF6,67,100,100,100,58578606,520,1285313087,834125378,9407FA25941C932473F8E2B1ECC5481E3AE15A71,-1449868829,173A9B610463088D52B6EE6F476A483B111CCE2E,False,True,1.0
181497,2025-04-29T09:34:04.038496237Z,bbn-1,9407FA25941C932473F8E2B1ECC5481E3AE15A71,73,100,100,100,58578606,520,1285313087,819413402,A9C7A884BD7D6E799EF5311BF9168E0105BCE416,-1449868309,173A9B610463088D52B6EE6F476A483B111CCE2E,False,True,1.0
181498,2025-04-29T09:34:14.102198251Z,bbn-1,A9C7A884BD7D6E799EF5311BF9168E0105BCE416,68,100,100,100,58578606,520,1285313087,788179205,FBE1E3ED324FA17379403ACFC3DD28FA882C6E65,-1449867789,173A9B610463088D52B6EE6F476A483B111CCE2E,False,True,1.0
181499,2025-04-29T09:34:24.253577732Z,bbn-1,DA37D2935EAE0A92DE55E86DB2E887B4F18575F0,65,100,100,100,58578606,520,1285313087,800568572,5295664886565F43A3074140551A755872BF6FFD,-1449867269,173A9B610463088D52B6EE6F476A483B111CCE2E,False,False,2.0
181500,2025-04-29T09:34:34.835695296Z,bbn-1,33ECD5899A91105BB4E51066EB138189BC3825AD,86,100,100,100,58578606,520,1285313087,850572924,5295664886565F43A3074140551A755872BF6FFD,-1449866749,173A9B610463088D52B6EE6F476A483B111CCE2E,False,False,2.0
181501,2025-04-29T09:34:44.980665821Z,bbn-1,5295664886565F43A3074140551A755872BF6FFD,65,100,100,100,58578606,520,1285313087,815723643,43804074334AC6111233037EFE20105C516B0E9F,-1449866229,173A9B610463088D52B6EE6F476A483B111CCE2E,False,True,1.0
181502,2025-04-29T09:34:55.437259713Z,bbn-1,43804074334AC6111233037EFE20105C516B0E9F,64,100,100,100,58578606,520,1285313087,852731990,C27B627C2FD11EE1E3E850738720692BE2E3F4C6,-1449865709,173A9B610463088D52B6EE6F476A483B111CCE2E,False,True,1.0
181503,2025-04-29T09:35:05.62494031Z,bbn-1,C27B627C2FD11EE1E3E850738720692BE2E3F4C6,67,100,100,100,58578606,520,1285313087,834598223,5C78A0762F13B0B2A793E82D1A178EB45642234D,-1449865189,173A9B610463088D52B6EE6F476A483B111CCE2E,False,True,1.0
181504,2025-04-29T09:35:15.650591275Z,bbn-1,5C78A0762F13B0B2A793E82D1A178EB45642234D,69,100,100,100,58578606,520,1285313087,842634983,410C1EBAF54C090F0A9132DFA9F79E0F480B2C06,-1449864669,173A9B610463088D52B6EE6F476A483B111CCE2E,False,True,1.0
181505,2025-04-29T09:35:25.784378656Z,bbn-1,410C1EBAF54C090F0A9132DFA9F79E0F480B2C06,72,100,100,100,58578606,520,1285313087,808980742,2888677E39E38BF4EE64081BD43776FB4D507FCB,-1449864149,173A9B610463088D52B6EE6F476A483B111CCE2E,False,True,1.0
181506,2025-04-29T09:35:35.905702874Z,bbn-1,2888677E39E38BF4EE64081BD43776FB4D507FCB,66,100,100,100,58578606,520,1285313087,817033237,44C395A4A96C6D1A450ED33B5A8DDB359CEFED36,-1449863629,173A9B610463088D52B6EE6F476A483B111CCE2E,False,True,1.0
181507,2025-04-29T09:35:46.125849809Z,bbn-1,44C395A4A96C6D1A450ED33B5A8DDB359CEFED36,69,100,100,100,58578606,520,1285313087,796105055,FBE1E3ED324FA17379403ACFC3DD28FA882C6E65,-1449863109,173A9B610463088D52B6EE6F476A483B111CCE2E,False,True,1.0
181508,2025-04-29T09:35:56.175314889Z,bbn-1,FBE1E3ED324FA17379403ACFC3DD28FA882C6E65,61,100,100,100,58578606,520,1285313087,785855849,466D1236B8C77925B25219E4FFE34DD069351847,-1449862589,173A9B610463088D52B6EE6F476A483B111CCE2E,False,True,1.0
181509,2025-04-29T09:36:01.901251204Z,bbn-1,3C70D8336DEE739BDF2D1C5A0FCA0A88B87B9A6D,66,100,100,100,58578606,520,1285313087,807783522,BB386AA0E7B37EB33516AEBB58CAE3574AF85D1F,-1449862069,173A9B610463088D52B6EE6F476A483B111CCE2E,False,False,2.0
181510,2025-04-29T09:36:11.879715309Z,bbn-1,BB386AA0E7B37EB33516AEBB58CAE3574AF85D1F,70,100,100,100,58578606,520,1285313087,819044944,2A3D40C3E7CE8D6B55077335CAB141C2E11AC254,-1449861549,173A9B610463088D52B6EE6F476A483B111CCE2E,False,True,1.0
181511,2025-04-29T09:36:22.045665902Z,bbn-1,2A3D40C3E7CE8D6B55077335CAB141C2E11AC254,66,100,100,100,58578606,520,1285313087,811240619,466D1236B8C77925B25219E4FFE34DD069351847,-1449861029,173A9B610463088D52B6EE6F476A483B111CCE2E,False,True,1.0
181512,2025-04-29T09:36:32.293747989Z,bbn-1,466D1236B8C77925B25219E4FFE34DD069351847,66,100,100,100,58578606,520,1285313087,744065905,EC033669FE506006F870BD8B12CB524A3ABC3693,-1449860509,173A9B610463088D52B6EE6F476A483B111CCE2E,False,True,1.0
181513,2025-04-29T09:36:42.419140856Z,bbn-1,EC033669FE506006F870BD8B12CB524A3ABC3693,63,100,100,100,58578606,520,1285313087,704802608,F42C7E49DF4F4D0993237959518415E473792392,-1449859989,173A9B610463088D52B6EE6F476A483B111CCE2E,False,True,1.0
181514,2025-04-29T09:36:53.248340323Z,bbn-1,F42C7E49DF4F4D0993237959518415E473792392,63,100,100,100,58578606,520,1285313087,697016546,F2E6BB25D8D269C9737BD3789B11DC76C4FC56E7,-1449859469,173A9B610463088D52B6EE6F476A483B111CCE2E,False,True,1.0
181515,2025-04-29T09:36:59.099481596Z,bbn-1,F2E6BB25D8D269C9737BD3789B11DC76C4FC56E7,75,100,100,100,58578606,520,1285313087,716649597,521D2A344E322B8BA76401C833A1EC74EA2BD075,-1449858949,173A9B610463088D52B6EE6F476A483B111CCE2E,False,True,1.0
181516,2025-04-29T09:37:09.123854646Z,bbn-1,521D2A344E322B8BA76401C833A1EC74EA2BD075,75,100,100,100,58578606,520,1285313087,717390208,2A1B3FEE6B29EA1828D427F0E5C3887CB7E64487,-1449858429,173A9B610463088D52B6EE6F476A483B111CCE2E,False,True,1.0
181517,2025-04-29T09:37:19.859454446Z,bbn-1,64CDACB04FB9C3B290579644F9EDBD05CB00BB7D,78,100,100,100,58578606,520,1285313087,737393445,2A1B3FEE6B29EA1828D427F0E5C3887CB7E64487,-1449857909,173A9B610463088D52B6EE6F476A483B111CCE2E,False,False,2.0
181518,2025-04-29T09:37:29.915872121Z,bbn-1,2A1B3FEE6B29EA1828D427F0E5C3887CB7E64487,74,100,100,100,58578606,520,1285313087,689997122,53406DE83381DD804632447F1BAED00CF28048E0,-1449857389,173A9B610463088D52B6EE6F476A483B111CCE2E,False,True,1.0
181519,2025-04-29T09:37:40.137598091Z,bbn-1,53406DE83381DD804632447F1BAED00CF28048E0,81,100,100,100,58578606,520,1285313087,671919231,FBC2A3F682B507F1A3A5D4C44C8CBB6AF0860296,-1449856869,173A9B610463088D52B6EE6F476A483B111CCE2E,False,True,1.0
181520,2025-04-29T09:37:50.068530915Z,bbn-1,FBC2A3F682B507F1A3A5D4C44C8CBB6AF0860296,71,100,100,100,58578606,520,1285313087,645149689,33ECD5899A91105BB4E51066EB138189BC3825AD,-1449856349,173A9B610463088D52B6EE6F476A483B111CCE2E,False,True,1.0
181521,2025-04-29T09:38:00.094170087Z,bbn-1,33ECD5899A91105BB4E51066EB138189BC3825AD,65,100,100,100,58578606,520,1285313087,657973220,77BE23139B650D69EDE7985B31FD7B1CEE9CA7D3,-1449855829,173A9B610463088D52B6EE6F476A483B111CCE2E,False,True,1.0
181522,2025-04-29T09:38:10.240776678Z,bbn-1,DA37D2935EAE0A92DE55E86DB2E887B4F18575F0,68,100,100,100,58578606,520,1285313087,677974969,77BE23139B650D69EDE7985B31FD7B1CEE9CA7D3,-1449855309,173A9B610463088D52B6EE6F476A483B111CCE2E,False,False,5.0
181523,2025-04-29T09:38:21.234941366Z,bbn-1,5295664886565F43A3074140551A755872BF6FFD,69,100,100,100,58578606,520,1285313087,698900871,671D816776E8C7FAE18DC122FB6DC231956C6D48,-1449854789,173A9B610463088D52B6EE6F476A483B111CCE2E,False,False,4.0
181524,2025-04-29T09:38:31.373641341Z,bbn-1,C27B627C2FD11EE1E3E850738720692BE2E3F4C6,74,100,100,100,58578606,520,1285313087,720017554,671D816776E8C7FAE18DC122FB6DC231956C6D48,-1449854269,173A9B610463088D52B6EE6F476A483B111CCE2E,False,False,4.0
181525,2025-04-29T09:38:41.50377146Z,bbn-1,671D816776E8C7FAE18DC122FB6DC231956C6D48,78,100,100,100,58578606,520,1285313087,737980216,77BE23139B650D69EDE7985B31FD7B1CEE9CA7D3,-1449853749,173A9B610463088D52B6EE6F476A483B111CCE2E,False,True,1.0
181526,2025-04-29T09:38:51.471696996Z,bbn-1,43804074334AC6111233037EFE20105C516B0E9F,70,100,100,100,58578606,520,1285313087,757981965,77BE23139B650D69EDE7985B31FD7B1CEE9CA7D3,-1449853229,173A9B610463088D52B6EE6F476A483B111CCE2E,False,False,3.0
181527,2025-04-29T09:39:01.702022643Z,bbn-1,E2FC4DF9E7870FC8238136FACA07A120CC078A0C,68,100,100,100,58578606,520,1285313087,777983714,77BE23139B650D69EDE7985B31FD7B1CEE9CA7D3,-1449852709,173A9B610463088D52B6EE6F476A483B111CCE2E,False,False,2.0
181528,2025-04-29T09:39:11.729269588Z,bbn-1,77BE23139B650D69EDE7985B31FD7B1CEE9CA7D3,68,100,100,100,58578606,520,1285313087,783307673,1B03AB3C744545B281D224127708A9EC7487E58C,-1449852189,173A9B610463088D52B6EE6F476A483B111CCE2E,False,True,1.0
181529,2025-04-29T09:39:21.77447999Z,bbn-1,1B03AB3C744545B281D224127708A9EC7487E58C,71,100,100,100,58578606,520,1285313087,773236939,35F6C0359084C37EF6EB4061B694386910093B99,-1449851669,173A9B610463088D52B6EE6F476A483B111CCE2E,False,True,1.0
181530,2025-04-29T09:39:31.948861897Z,bbn-1,44C395A4A96C6D1A450ED33B5A8DDB359CEFED36,68,100,100,100,58578606,520,1285313087,793237989,35F6C0359084C37EF6EB4061B694386910093B99,-1449851149,173A9B610463088D52B6EE6F476A483B111CCE2E,False,False,2.0
181531,2025-04-29T09:39:41.982248649Z,bbn-1,3C70D8336DEE739BDF2D1C5A0FCA0A88B87B9A6D,65,100,100,100,58578606,520,1285313087,813239039,35F6C0359084C37EF6EB4061B694386910093B99,-1449850629,173A9B610463088D52B6EE6F476A483B111CCE2E,False,False,2.0
181532,2025-04-29T09:39:51.938024891Z,bbn-1,35F6C0359084C37EF6EB4061B694386910093B99,70,100,100,100,58578606,520,1285313087,773170387,CCB2909DCD316FC5E738DCDB1F14360F04B44320,-1449850109,173A9B610463088D52B6EE6F476A483B111CCE2E,False,True,1.0
181533,2025-04-29T09:40:02.2074576Z,bbn-1,1A4B644C16A4A1904618F8D3C0F6A67223038390,83,100,100,100,58578606,520,1285313087,789744207,1A4B644C16A4A1904618F8D3C0F6A67223038390,-1449849589,173A9B610463088D52B6EE6F476A483B111CCE2E,False,False,2.0
181534,2025-04-29T09:40:17.117104181Z,bbn-1,1A4B644C16A4A1904618F8D3C0F6A67223038390,72,100,100,100,58578606,520,1285313087,775058160,BB386AA0E7B37EB33516AEBB58CAE3574AF85D1F,-1449849069,173A9B610463088D52B6EE6F476A483B111CCE2E,False,True,1.0
181535,2025-04-29T09:40:27.517019786Z,bbn-1,BB386AA0E7B37EB33516AEBB58CAE3574AF85D1F,88,100,100,100,58578606,520,1285313087,823196382,2A3D40C3E7CE8D6B55077335CAB141C2E11AC254,-1449848549,173A9B610463088D52B6EE6F476A483B111CCE2E,False,True,1.0
181536,2025-04-29T09:40:37.749405133Z,bbn-1,2A3D40C3E7CE8D6B55077335CAB141C2E11AC254,70,100,100,100,58578606,520,1285313087,809488064,718160E3538E0B0ED83D3B3DC4ECE83809FCD107,-1449848029,173A9B610463088D52B6EE6F476A483B111CCE2E,False,True,1.0
181537,2025-04-29T09:40:47.99299539Z,bbn-1,718160E3538E0B0ED83D3B3DC4ECE83809FCD107,67,100,100,100,58578606,520,1285313087,804727832,6CC0A1531FF58D61DC9061C5B89BC0EFC07911FC,-1449847509,173A9B610463088D52B6EE6F476A483B111CCE2E,False,True,1.0
181538,2025-04-29T09:40:58.046824874Z,bbn-1,6CC0A1531FF58D61DC9061C5B89BC0EFC07911FC,77,100,100,100,58578606,520,1285313087,795837701,7EA986D8723587F5E653C0DF785FCFCE39238785,-1449846989,173A9B610463088D52B6EE6F476A483B111CCE2E,False,True,1.0
181539,2025-04-29T09:41:08.217544296Z,bbn-1,EC033669FE506006F870BD8B12CB524A3ABC3693,81,100,100,100,58578606,520,1285313087,804444651,7EA986D8723587F5E653C0DF785FCFCE39238785,-1449846469,173A9B610463088D52B6EE6F476A483B111CCE2E,False,False,2.0
181540,2025-04-29T09:41:19.117019461Z,bbn-1,7EA986D8723587F5E653C0DF785FCFCE39238785,88,100,100,100,58578606,520,1285313087,785226611,76F6DD3F07BF2E9FF5B0A188BC08D5A4EFCF40D9,-1449845949,173A9B610463088D52B6EE6F476A483B111CCE2E,False,True,1.0
181541,2025-04-29T09:41:29.175168878Z,bbn-1,F2E6BB25D8D269C9737BD3789B11DC76C4FC56E7,84,100,100,100,58578606,520,1285313087,794197301,76F6DD3F07BF2E9FF5B0A188BC08D5A4EFCF40D9,-1449845429,173A9B610463088D52B6EE6F476A483B111CCE2E,False,False,2.0
181542,2025-04-29T09:41:39.26024933Z,bbn-1,76F6DD3F07BF2E9FF5B0A188BC08D5A4EFCF40D9,69,100,100,100,58578606,520,1285313087,792834264,3965C223E13AC66F8175C86E657D396C711964B7,-1449844909,173A9B610463088D52B6EE6F476A483B111CCE2E,False,True,1.0
181543,2025-04-29T09:41:49.29210379Z,bbn-1,3965C223E13AC66F8175C86E657D396C711964B7,72,100,100,100,58578606,520,1285313087,771254606,64CDACB04FB9C3B290579644F9EDBD05CB00BB7D,-1449844389,173A9B610463088D52B6EE6F476A483B111CCE2E,False,True,1.0
181544,2025-04-29T09:41:59.356246966Z,bbn-1,64CDACB04FB9C3B290579644F9EDBD05CB00BB7D,77,100,100,100,58578606,520,1285313087,772183117,B8F9204A348E0DBC85ABE5BC98936D6B84C01E45,-1449843869,173A9B610463088D52B6EE6F476A483B111CCE2E,False,True,1.0
181545,2025-04-29T09:42:09.43683031Z,bbn-1,B8F9204A348E0DBC85ABE5BC98936D6B84C01E45,77,100,100,100,58578606,520,1285313087,778053587,B03F0CB997F3428EF3968833BCA2F2A4F613A8EB,-1449843349,173A9B610463088D52B6EE6F476A483B111CCE2E,False,True,1.0
181546,2025-04-29T09:42:19.368387155Z,bbn-1,B03F0CB997F3428EF3968833BCA2F2A4F613A8EB,71,100,100,100,58578606,520,1285313087,782334710,B41EF50272A7A2398BA617D3C963986EBEBC5B2D,-1449842829,173A9B610463088D52B6EE6F476A483B111CCE2E,False,True,1.0
181547,2025-04-29T09:42:29.41949795Z,bbn-1,33ECD5899A91105BB4E51066EB138189BC3825AD,74,100,100,100,58578606,520,1285313087,802402130,B41EF50272A7A2398BA617D3C963986EBEBC5B2D,-1449842309,173A9B610463088D52B6EE6F476A483B111CCE2E,False,False,3.0
181548,2025-04-29T09:42:39.537243004Z,bbn-1,B41EF50272A7A2398BA617D3C963986EBEBC5B2D,75,100,100,100,58578606,520,1285313087,795182403,616A45478336B92583CFE29E8EE942802DE69EAE,-1449841789,173A9B610463088D52B6EE6F476A483B111CCE2E,False,True,1.0
181549,2025-04-29T09:42:50.34481769Z,bbn-1,616A45478336B92583CFE29E8EE942802DE69EAE,77,100,100,100,58578606,520,1285313087,794247074,C27B627C2FD11EE1E3E850738720692BE2E3F4C6,-1449841269,173A9B610463088D52B6EE6F476A483B111CCE2E,False,True,1.0
181550,2025-04-29T09:43:00.343236213Z,bbn-1,C27B627C2FD11EE1E3E850738720692BE2E3F4C6,75,100,100,100,58578606,520,1285313087,813156957,DA37D2935EAE0A92DE55E86DB2E887B4F18575F0,-1449840749,173A9B610463088D52B6EE6F476A483B111CCE2E,False,True,1.0
181551,2025-04-29T09:43:10.348233293Z,bbn-1,DA37D2935EAE0A92DE55E86DB2E887B4F18575F0,72,100,100,100,58578606,520,1285313087,830168702,5295664886565F43A3074140551A755872BF6FFD,-1449840229,173A9B610463088D52B6EE6F476A483B111CCE2E,False,True,1.0
181552,2025-04-29T09:43:20.956000004Z,bbn-1,5295664886565F43A3074140551A755872BF6FFD,78,100,100,100,58578606,520,1285313087,795102977,43804074334AC6111233037EFE20105C516B0E9F,-1449839709,173A9B610463088D52B6EE6F476A483B111CCE2E,False,True,1.0
181553,2025-04-29T09:43:31.189866568Z,bbn-1,43804074334AC6111233037EFE20105C516B0E9F,84,100,100,100,58578606,520,1285313087,832968283,3C70D8336DEE739BDF2D1C5A0FCA0A88B87B9A6D,-1449839189,173A9B610463088D52B6EE6F476A483B111CCE2E,False,True,1.0
181554,2025-04-29T09:43:41.459804266Z,bbn-1,3C70D8336DEE739BDF2D1C5A0FCA0A88B87B9A6D,76,100,100,100,58578606,520,1285313087,832393362,70DAC78498AFC6D766D860C433265A274D48B7D8,-1449838669,173A9B610463088D52B6EE6F476A483B111CCE2E,False,True,1.0
181555,2025-04-29T09:43:51.422938298Z,bbn-1,70DAC78498AFC6D766D860C433265A274D48B7D8,71,100,100,100,58578606,520,1285313087,824330971,44C395A4A96C6D1A450ED33B5A8DDB359CEFED36,-1449838149,173A9B610463088D52B6EE6F476A483B111CCE2E,False,True,1.0
181556,2025-04-29T09:44:01.578403401Z,bbn-1,44C395A4A96C6D1A450ED33B5A8DDB359CEFED36,70,100,100,100,58578606,520,1285313087,816709715,A8A2BF2709CA05755F881EBD939991AEA9F88CF1,-1449837629,173A9B610463088D52B6EE6F476A483B111CCE2E,False,True,1.0
181557,2025-04-29T09:44:11.670889857Z,bbn-1,A8A2BF2709CA05755F881EBD939991AEA9F88CF1,78,100,100,100,58578606,520,1285313087,758873925,410C1EBAF54C090F0A9132DFA9F79E0F480B2C06,-1449837109,173A9B610463088D52B6EE6F476A483B111CCE2E,False,True,1.0
181558,2025-04-29T09:44:21.723569563Z,bbn-1,410C1EBAF54C090F0A9132DFA9F79E0F480B2C06,73,100,100,100,58578606,520,1285313087,727330458,C268FE001A533B6F0860167381384363A790FD0D,-1449836589,173A9B610463088D52B6EE6F476A483B111CCE2E,False,True,1.0
181559,2025-04-29T09:44:31.895134025Z,bbn-1,2A3D40C3E7CE8D6B55077335CAB141C2E11AC254,74,100,100,100,58578606,520,1285313087,742332798,BB386AA0E7B37EB33516AEBB58CAE3574AF85D1F,-1449836069,173A9B610463088D52B6EE6F476A483B111CCE2E,False,False,2.0
181560,2025-04-29T09:44:42.089985906Z,bbn-1,BB386AA0E7B37EB33516AEBB58CAE3574AF85D1F,85,100,100,100,58578606,520,1285313087,748506952,C268FE001A533B6F0860167381384363A790FD0D,-1449835549,173A9B610463088D52B6EE6F476A483B111CCE2E,False,True,1.0
181561,2025-04-29T09:44:52.221192368Z,bbn-1,C268FE001A533B6F0860167381384363A790FD0D,79,100,100,100,58578606,520,1285313087,712377928,5C78A0762F13B0B2A793E82D1A178EB45642234D,-1449835029,173A9B610463088D52B6EE6F476A483B111CCE2E,False,True,1.0
181562,2025-04-29T09:44:58.016448205Z,bbn-1,5C78A0762F13B0B2A793E82D1A178EB45642234D,82,100,100,100,58578606,520,1285313087,714955122,2972B0DF619F73D1A5C8933AFF22AD8C9258F370,-1449834509,173A9B610463088D52B6EE6F476A483B111CCE2E,False,True,1.0
181563,2025-04-29T09:45:08.106291794Z,bbn-1,EC033669FE506006F870BD8B12CB524A3ABC3693,77,100,100,100,58578606,520,1285313087,723396552,2972B0DF619F73D1A5C8933AFF22AD8C9258F370,-1449833989,173A9B610463088D52B6EE6F476A483B111CCE2E,False,False,2.0
181564,2025-04-29T09:45:19.007202087Z,bbn-1,F2E6BB25D8D269C9737BD3789B11DC76C4FC56E7,66,100,100,100,58578606,520,1285313087,731837982,2972B0DF619F73D1A5C8933AFF22AD8C9258F370,-1449833469,173A9B610463088D52B6EE6F476A483B111CCE2E,False,False,3.0
181565,2025-04-29T09:45:29.027065834Z,bbn-1,2972B0DF619F73D1A5C8933AFF22AD8C9258F370,71,100,100,100,58578606,520,1285313087,739830972,A8F38FCB39B580C4B856DCAED882D504A216EE00,-1449832949,173A9B610463088D52B6EE6F476A483B111CCE2E,False,True,1.0
181566,2025-04-29T09:45:39.315955922Z,bbn-1,A8F38FCB39B580C4B856DCAED882D504A216EE00,74,100,100,100,58578606,520,1285313087,662314028,9FEE83FBF0BD5A4D71519EFC16D0D438C203DD5A,-1449832429,173A9B610463088D52B6EE6F476A483B111CCE2E,False,True,1.0
181567,2025-04-29T09:45:49.355081338Z,bbn-1,64CDACB04FB9C3B290579644F9EDBD05CB00BB7D,71,100,100,100,58578606,520,1285313087,670753689,9FEE83FBF0BD5A4D71519EFC16D0D438C203DD5A,-1449831909,173A9B610463088D52B6EE6F476A483B111CCE2E,False,False,2.0
181568,2025-04-29T09:45:59.36163945Z,bbn-1,9FEE83FBF0BD5A4D71519EFC16D0D438C203DD5A,75,100,100,100,58578606,520,1285313087,661187691,33ECD5899A91105BB4E51066EB138189BC3825AD,-1449831389,173A9B610463088D52B6EE6F476A483B111CCE2E,False,True,1.0
181569,2025-04-29T09:46:05.153795721Z,bbn-1,33ECD5899A91105BB4E51066EB138189BC3825AD,77,100,100,100,58578606,520,1285313087,649645797,2AB301F354A74F45AFB347B2C00CDCEB09CC719D,-1449830869,173A9B610463088D52B6EE6F476A483B111CCE2E,False,True,1.0
181570,2025-04-29T09:46:15.279965814Z,bbn-1,2AB301F354A74F45AFB347B2C00CDCEB09CC719D,81,100,100,100,58578606,520,1285313087,631380081,C27B627C2FD11EE1E3E850738720692BE2E3F4C6,-1449830349,173A9B610463088D52B6EE6F476A483B111CCE2E,False,True,1.0
181571,2025-04-29T09:46:25.765097581Z,bbn-1,C27B627C2FD11EE1E3E850738720692BE2E3F4C6,72,100,100,100,58578606,520,1285313087,620075014,B44FC7D70708095FBC30AF164410749483F96439,-1449829829,173A9B610463088D52B6EE6F476A483B111CCE2E,False,True,1.0
181572,2025-04-29T09:46:35.991642591Z,bbn-1,3C70D8336DEE739BDF2D1C5A0FCA0A88B87B9A6D,89,100,100,100,58578606,520,1285313087,628553859,53406DE83381DD804632447F1BAED00CF28048E0,-1449829309,173A9B610463088D52B6EE6F476A483B111CCE2E,False,False,3.0
181573,2025-04-29T09:46:45.947360102Z,bbn-1,DA37D2935EAE0A92DE55E86DB2E887B4F18575F0,71,100,100,100,58578606,520,1285313087,651218115,53406DE83381DD804632447F1BAED00CF28048E0,-1449828789,173A9B610463088D52B6EE6F476A483B111CCE2E,False,False,3.0
181574,2025-04-29T09:46:56.417151834Z,bbn-1,5295664886565F43A3074140551A755872BF6FFD,75,100,100,100,58578606,520,1285313087,673882371,53406DE83381DD804632447F1BAED00CF28048E0,-1449828269,173A9B610463088D52B6EE6F476A483B111CCE2E,False,False,2.0
181575,2025-04-29T09:47:06.756818078Z,bbn-1,53406DE83381DD804632447F1BAED00CF28048E0,77,100,100,100,58578606,520,1285313087,659792374,43804074334AC6111233037EFE20105C516B0E9F,-1449827749,173A9B610463088D52B6EE6F476A483B111CCE2E,False,True,1.0
181576,2025-04-29T09:47:16.76181357Z,bbn-1,43804074334AC6111233037EFE20105C516B0E9F,76,100,100,100,58578606,520,1285313087,662268129,B44FC7D70708095FBC30AF164410749483F96439,-1449827229,173A9B610463088D52B6EE6F476A483B111CCE2E,False,True,1.0
181577,2025-04-29T09:47:26.916689758Z,bbn-1,44C395A4A96C6D1A450ED33B5A8DDB359CEFED36,68,100,100,100,58578606,520,1285313087,671869524,521D2A344E322B8BA76401C833A1EC74EA2BD075,-1449826709,173A9B610463088D52B6EE6F476A483B111CCE2E,False,False,3.0
181578,2025-04-29T09:47:37.011984648Z,bbn-1,521D2A344E322B8BA76401C833A1EC74EA2BD075,75,100,100,100,58578606,520,1285313087,679145375,B44FC7D70708095FBC30AF164410749483F96439,-1449826189,173A9B610463088D52B6EE6F476A483B111CCE2E,False,True,1.0
181579,2025-04-29T09:47:47.788319647Z,bbn-1,2A1B3FEE6B29EA1828D427F0E5C3887CB7E64487,71,100,100,100,58578606,520,1285313087,687583998,B44FC7D70708095FBC30AF164410749483F96439,-1449825669,173A9B610463088D52B6EE6F476A483B111CCE2E,False,False,2.0
181580,2025-04-29T09:47:58.024200003Z,bbn-1,B44FC7D70708095FBC30AF164410749483F96439,83,100,100,100,58578606,520,1285313087,654771058,2C4E108C3F09CF9B8B1515D3B26D50E332D86E3B,-1449825149,173A9B610463088D52B6EE6F476A483B111CCE2E,False,True,1.0
181581,2025-04-29T09:48:08.501832275Z,bbn-1,2C4E108C3F09CF9B8B1515D3B26D50E332D86E3B,71,100,100,100,58578606,520,1285313087,640035235,AEA26001DE9B15D4DAD32808712864E61AE52A17,-1449824629,173A9B610463088D52B6EE6F476A483B111CCE2E,False,True,1.0
181582,2025-04-29T09:48:18.458424507Z,bbn-1,2A3D40C3E7CE8D6B55077335CAB141C2E11AC254,71,100,100,100,58578606,520,1285313087,659472081,671D816776E8C7FAE18DC122FB6DC231956C6D48,-1449824109,173A9B610463088D52B6EE6F476A483B111CCE2E,False,False,9.0
181583,2025-04-29T09:48:28.741721717Z,bbn-1,671D816776E8C7FAE18DC122FB6DC231956C6D48,73,100,100,100,58578606,520,1285313087,676036074,E2FC4DF9E7870FC8238136FACA07A120CC078A0C,-1449823589,173A9B610463088D52B6EE6F476A483B111CCE2E,False,True,1.0
181584,2025-04-29T09:48:38.672627746Z,bbn-1,BB386AA0E7B37EB33516AEBB58CAE3574AF85D1F,79,100,100,100,58578606,520,1285313087,697151678,E2FC4DF9E7870FC8238136FACA07A120CC078A0C,-1449823069,173A9B610463088D52B6EE6F476A483B111CCE2E,False,False,2.0
181585,2025-04-29T09:48:48.863252986Z,bbn-1,E2FC4DF9E7870FC8238136FACA07A120CC078A0C,68,100,100,100,58578606,520,1285313087,701576376,1B03AB3C744545B281D224127708A9EC7487E58C,-1449822549,173A9B610463088D52B6EE6F476A483B111CCE2E,False,True,1.0
181586,2025-04-29T09:48:58.836556415Z,bbn-1,1B03AB3C744545B281D224127708A9EC7487E58C,73,100,100,100,58578606,520,1285313087,682322195,AEA26001DE9B15D4DAD32808712864E61AE52A17,-1449822029,173A9B610463088D52B6EE6F476A483B111CCE2E,False,True,1.0
181587,2025-04-29T09:49:09.041332291Z,bbn-1,EC033669FE506006F870BD8B12CB524A3ABC3693,79,100,100,100,58578606,520,1285313087,692775567,77BE23139B650D69EDE7985B31FD7B1CEE9CA7D3,-1449821509,173A9B610463088D52B6EE6F476A483B111CCE2E,False,False,9.0
181588,2025-04-29T09:49:19.914515744Z,bbn-1,77BE23139B650D69EDE7985B31FD7B1CEE9CA7D3,69,100,100,100,58578606,520,1285313087,710115707,F2E6BB25D8D269C9737BD3789B11DC76C4FC56E7,-1449820989,173A9B610463088D52B6EE6F476A483B111CCE2E,False,True,1.0
181589,2025-04-29T09:49:29.988327192Z,bbn-1,F2E6BB25D8D269C9737BD3789B11DC76C4FC56E7,71,100,100,100,58578606,520,1285313087,707694371,AEA26001DE9B15D4DAD32808712864E61AE52A17,-1449820469,173A9B610463088D52B6EE6F476A483B111CCE2E,False,True,1.0
181590,2025-04-29T09:49:40.058180172Z,bbn-1,AEA26001DE9B15D4DAD32808712864E61AE52A17,82,100,100,100,58578606,520,1285313087,713837090,DC0802AD3262ECD784CE339D87073C836E31C69E,-1449819949,173A9B610463088D52B6EE6F476A483B111CCE2E,False,True,1.0
181591,2025-04-29T09:49:50.269147231Z,bbn-1,35F6C0359084C37EF6EB4061B694386910093B99,71,100,100,100,58578606,520,1285313087,722275101,DC0802AD3262ECD784CE339D87073C836E31C69E,-1449819429,173A9B610463088D52B6EE6F476A483B111CCE2E,False,False,4.0
181592,2025-04-29T09:50:00.5524413Z,bbn-1,DC0802AD3262ECD784CE339D87073C836E31C69E,80,100,100,100,58578606,520,1285313087,730352222,60C51D643048D0A426171BD0DEABD1689A89690F,-1449818909,173A9B610463088D52B6EE6F476A483B111CCE2E,False,True,1.0
181593,2025-04-29T09:50:10.63867431Z,bbn-1,60C51D643048D0A426171BD0DEABD1689A89690F,80,100,100,100,58578606,520,1285313087,734405271,06BE03F1B334FC3F7947D0D031F7DFA568005BD4,-1449818389,173A9B610463088D52B6EE6F476A483B111CCE2E,False,True,1.0
181594,2025-04-29T09:50:20.830320957Z,bbn-1,33ECD5899A91105BB4E51066EB138189BC3825AD,72,100,100,100,58578606,520,1285313087,751015369,64CDACB04FB9C3B290579644F9EDBD05CB00BB7D,-1449817869,173A9B610463088D52B6EE6F476A483B111CCE2E,False,False,7.0
181595,2025-04-29T09:50:30.973181687Z,bbn-1,64CDACB04FB9C3B290579644F9EDBD05CB00BB7D,70,100,100,100,58578606,520,1285313087,769835015,718160E3538E0B0ED83D3B3DC4ECE83809FCD107,-1449817349,173A9B610463088D52B6EE6F476A483B111CCE2E,False,True,1.0
181596,2025-04-29T09:50:41.06075364Z,bbn-1,6CC0A1531FF58D61DC9061C5B89BC0EFC07911FC,76,100,100,100,58578606,520,1285313087,790947897,718160E3538E0B0ED83D3B3DC4ECE83809FCD107,-1449816829,173A9B610463088D52B6EE6F476A483B111CCE2E,False,False,2.0
181597,2025-04-29T09:50:51.141944108Z,bbn-1,3C70D8336DEE739BDF2D1C5A0FCA0A88B87B9A6D,66,100,100,100,58578606,520,1285313087,812060779,718160E3538E0B0ED83D3B3DC4ECE83809FCD107,-1449816309,173A9B610463088D52B6EE6F476A483B111CCE2E,False,False,2.0
181598,2025-04-29T09:51:01.114882526Z,bbn-1,C27B627C2FD11EE1E3E850738720692BE2E3F4C6,79,100,100,100,58578606,520,1285313087,833173661,718160E3538E0B0ED83D3B3DC4ECE83809FCD107,-1449815789,173A9B610463088D52B6EE6F476A483B111CCE2E,False,False,3.0
181599,2025-04-29T09:51:11.19466847Z,bbn-1,718160E3538E0B0ED83D3B3DC4ECE83809FCD107,65,100,100,100,58578606,520,1285313087,837170665,3965C223E13AC66F8175C86E657D396C711964B7,-1449815269,173A9B610463088D52B6EE6F476A483B111CCE2E,False,True,1.0
181600,2025-04-29T09:51:21.265744528Z,bbn-1,3965C223E13AC66F8175C86E657D396C711964B7,69,100,100,100,58578606,520,1285313087,847880284,CCB2909DCD316FC5E738DCDB1F14360F04B44320,-1449814749,173A9B610463088D52B6EE6F476A483B111CCE2E,False,True,1.0
181601,2025-04-29T09:51:31.402660907Z,bbn-1,1A4B644C16A4A1904618F8D3C0F6A67223038390,82,100,100,100,58578606,520,1285313087,864470900,1A4B644C16A4A1904618F8D3C0F6A67223038390,-1449814229,173A9B610463088D52B6EE6F476A483B111CCE2E,False,False,2.0
181602,2025-04-29T09:51:46.287325902Z,bbn-1,1A4B644C16A4A1904618F8D3C0F6A67223038390,74,100,100,100,58578606,520,1285313087,842559175,DA37D2935EAE0A92DE55E86DB2E887B4F18575F0,-1449813709,173A9B610463088D52B6EE6F476A483B111CCE2E,False,True,1.0
181603,2025-04-29T09:51:56.797040462Z,bbn-1,DA37D2935EAE0A92DE55E86DB2E887B4F18575F0,69,100,100,100,58578606,520,1285313087,859768832,5295664886565F43A3074140551A755872BF6FFD,-1449813189,173A9B610463088D52B6EE6F476A483B111CCE2E,False,True,1.0
181604,2025-04-29T09:52:07.339867087Z,bbn-1,5295664886565F43A3074140551A755872BF6FFD,87,100,100,100,58578606,520,1285313087,831628705,44C395A4A96C6D1A450ED33B5A8DDB359CEFED36,-1449812669,173A9B610463088D52B6EE6F476A483B111CCE2E,False,True,1.0
181605,2025-04-29T09:52:17.65032851Z,bbn-1,44C395A4A96C6D1A450ED33B5A8DDB359CEFED36,71,100,100,100,58578606,520,1285313087,874482527,43804074334AC6111233037EFE20105C516B0E9F,-1449812149,173A9B610463088D52B6EE6F476A483B111CCE2E,False,True,1.0
181606,2025-04-29T09:52:27.696433861Z,bbn-1,43804074334AC6111233037EFE20105C516B0E9F,77,100,100,100,58578606,520,1285313087,844095735,06BE03F1B334FC3F7947D0D031F7DFA568005BD4,-1449811629,173A9B610463088D52B6EE6F476A483B111CCE2E,False,True,1.0
181607,2025-04-29T09:52:37.884466905Z,bbn-1,06BE03F1B334FC3F7947D0D031F7DFA568005BD4,65,100,100,100,58578606,520,1285313087,850716028,5D673308CA2B45E5222303836D833E0F70B1F9B0,-1449811109,173A9B610463088D52B6EE6F476A483B111CCE2E,False,True,1.0
181608,2025-04-29T09:52:43.874985105Z,bbn-1,5D673308CA2B45E5222303836D833E0F70B1F9B0,66,100,100,100,58578606,520,1285313087,855463809,9C4CC8543DC684948490681118957942B29A9200,-1449810589,173A9B610463088D52B6EE6F476A483B111CCE2E,False,True,1.0
181609,2025-04-29T09:52:54.004807225Z,bbn-1,9C4CC8543DC684948490681118957942B29A9200,68,100,100,100,58578606,520,1285313087,861203199,646D5C6384C84C2E660BF268D0A4EBC1FFBCEEA6,-1449810069,173A9B610463088D52B6EE6F476A483B111CCE2E,False,True,1.0
181610,2025-04-29T09:53:04.265354527Z,bbn-1,646D5C6384C84C2E660BF268D0A4EBC1FFBCEEA6,74,100,100,100,58578606,520,1285313087,846590128,02D49D26C87ED7DC1E38D7BFE5B7FCDF5A3A3164,-1449809549,173A9B610463088D52B6EE6F476A483B111CCE2E,False,True,1.0
181611,2025-04-29T09:53:14.920011416Z,bbn-1,2A3D40C3E7CE8D6B55077335CAB141C2E11AC254,69,100,100,100,58578606,520,1285313087,855027693,02D49D26C87ED7DC1E38D7BFE5B7FCDF5A3A3164,-1449809029,173A9B610463088D52B6EE6F476A483B111CCE2E,False,False,3.0
181612,2025-04-29T09:53:25.193649214Z,bbn-1,02D49D26C87ED7DC1E38D7BFE5B7FCDF5A3A3164,72,100,100,100,58578606,520,1285313087,862304682,3CE85B466FF74142307B4B03DDACF17A52D46373,-1449808509,173A9B610463088D52B6EE6F476A483B111CCE2E,False,True,1.0
181613,2025-04-29T09:53:35.351677487Z,bbn-1,BB386AA0E7B37EB33516AEBB58CAE3574AF85D1F,69,100,100,100,58578606,520,1285313087,870742314,3CE85B466FF74142307B4B03DDACF17A52D46373,-1449807989,173A9B610463088D52B6EE6F476A483B111CCE2E,False,False,7.0
181614,2025-04-29T09:53:45.511952843Z,bbn-1,B03F0CB997F3428EF3968833BCA2F2A4F613A8EB,79,100,100,100,58578606,520,1285313087,879179946,3CE85B466FF74142307B4B03DDACF17A52D46373,-1449807469,173A9B610463088D52B6EE6F476A483B111CCE2E,False,False,2.0
181615,2025-04-29T09:53:55.691316277Z,bbn-1,3CE85B466FF74142307B4B03DDACF17A52D46373,68,100,100,100,58578606,520,1285313087,881673603,B41EF50272A7A2398BA617D3C963986EBEBC5B2D,-1449806949,173A9B610463088D52B6EE6F476A483B111CCE2E,False,True,1.0
181616,2025-04-29T09:54:05.983516004Z,bbn-1,B41EF50272A7A2398BA617D3C963986EBEBC5B2D,76,100,100,100,58578606,520,1285313087,888763104,F2E6BB25D8D269C9737BD3789B11DC76C4FC56E7,-1449806429,173A9B610463088D52B6EE6F476A483B111CCE2E,False,True,1.0
181617,2025-04-29T09:54:16.664805633Z,bbn-1,F2E6BB25D8D269C9737BD3789B11DC76C4FC56E7,74,100,100,100,58578606,520,1285313087,939496622,EC033669FE506006F870BD8B12CB524A3ABC3693,-1449805909,173A9B610463088D52B6EE6F476A483B111CCE2E,False,True,1.0
181618,2025-04-29T09:54:26.745264454Z,bbn-1,EC033669FE506006F870BD8B12CB524A3ABC3693,87,100,100,100,58578606,520,1285313087,897417673,F1961EEE75E5A1C8A11A5BF72FB368B990BDD289,-1449805389,173A9B610463088D52B6EE6F476A483B111CCE2E,False,True,1.0
181619,2025-04-29T09:54:37.565227532Z,bbn-1,F1961EEE75E5A1C8A11A5BF72FB368B990BDD289,81,100,100,100,58578606,520,1285313087,904737427,D7076D16C2E91E0EB16753575AC3CEE3057781C0,-1449804869,173A9B610463088D52B6EE6F476A483B111CCE2E,False,True,1.0
181620,2025-04-29T09:54:47.987346429Z,bbn-1,D7076D16C2E91E0EB16753575AC3CEE3057781C0,67,100,100,100,58578606,520,1285313087,911740810,C4EF42D72D69F4B58FFE2A58DB1335269842AC43,-1449804349,173A9B610463088D52B6EE6F476A483B111CCE2E,False,True,1.0
181621,2025-04-29T09:54:53.821642694Z,bbn-1,3C70D8336DEE739BDF2D1C5A0FCA0A88B87B9A6D,85,100,100,100,58578606,520,1285313087,946669878,33ECD5899A91105BB4E51066EB138189BC3825AD,-1449803829,173A9B610463088D52B6EE6F476A483B111CCE2E,False,False,4.0
181622,2025-04-29T09:55:03.747704598Z,bbn-1,33ECD5899A91105BB4E51066EB138189BC3825AD,72,100,100,100,58578606,520,1285313087,947162383,410C1EBAF54C090F0A9132DFA9F79E0F480B2C06,-1449803309,173A9B610463088D52B6EE6F476A483B111CCE2E,False,True,1.0
181623,2025-04-29T09:55:13.956101443Z,bbn-1,410C1EBAF54C090F0A9132DFA9F79E0F480B2C06,74,100,100,100,58578606,520,1285313087,937053313,C4EF42D72D69F4B58FFE2A58DB1335269842AC43,-1449802789,173A9B610463088D52B6EE6F476A483B111CCE2E,False,True,1.0
181624,2025-04-29T09:55:24.038477554Z,bbn-1,64CDACB04FB9C3B290579644F9EDBD05CB00BB7D,84,100,100,100,58578606,520,1285313087,951579525,70DAC78498AFC6D766D860C433265A274D48B7D8,-1449802269,173A9B610463088D52B6EE6F476A483B111CCE2E,False,False,4.0
181625,2025-04-29T09:55:34.118858088Z,bbn-1,C27B627C2FD11EE1E3E850738720692BE2E3F4C6,76,100,100,100,58578606,520,1285313087,971643800,70DAC78498AFC6D766D860C433265A274D48B7D8,-1449801749,173A9B610463088D52B6EE6F476A483B111CCE2E,False,False,2.0
181626,2025-04-29T09:55:44.186595533Z,bbn-1,70DAC78498AFC6D766D860C433265A274D48B7D8,71,100,100,100,58578606,520,1285313087,962365816,C4EF42D72D69F4B58FFE2A58DB1335269842AC43,-1449801229,173A9B610463088D52B6EE6F476A483B111CCE2E,False,True,1.0
181627,2025-04-29T09:55:54.211621603Z,bbn-1,C4EF42D72D69F4B58FFE2A58DB1335269842AC43,71,100,100,100,58578606,520,1285313087,970747587,913834357F92E577CDC02B1E682C65E86D016AE5,-1449800709,173A9B610463088D52B6EE6F476A483B111CCE2E,False,True,1.0
181628,2025-04-29T09:56:00.309652432Z,bbn-1,913834357F92E577CDC02B1E682C65E86D016AE5,72,100,100,100,58578606,520,1285313087,857260284,DA37D2935EAE0A92DE55E86DB2E887B4F18575F0,-1449800189,173A9B610463088D52B6EE6F476A483B111CCE2E,False,True,1.0
181629,2025-04-29T09:56:10.407583816Z,bbn-1,DA37D2935EAE0A92DE55E86DB2E887B4F18575F0,74,100,100,100,58578606,520,1285313087,874568897,5295664886565F43A3074140551A755872BF6FFD,-1449799669,173A9B610463088D52B6EE6F476A483B111CCE2E,False,True,1.0
181630,2025-04-29T09:56:21.248091155Z,bbn-1,5295664886565F43A3074140551A755872BF6FFD,83,100,100,100,58578606,520,1285313087,914193610,44C395A4A96C6D1A450ED33B5A8DDB359CEFED36,-1449799149,173A9B610463088D52B6EE6F476A483B111CCE2E,False,True,1.0
181631,2025-04-29T09:56:31.517591085Z,bbn-1,44C395A4A96C6D1A450ED33B5A8DDB359CEFED36,67,100,100,100,58578606,520,1285313087,889172248,43804074334AC6111233037EFE20105C516B0E9F,-1449798629,173A9B610463088D52B6EE6F476A483B111CCE2E,False,True,1.0
181632,2025-04-29T09:56:41.582104467Z,bbn-1,43804074334AC6111233037EFE20105C516B0E9F,72,100,100,100,58578606,520,1285313087,850850845,5C78A0762F13B0B2A793E82D1A178EB45642234D,-1449798109,173A9B610463088D52B6EE6F476A483B111CCE2E,False,True,1.0
181633,2025-04-29T09:56:51.819779254Z,bbn-1,5C78A0762F13B0B2A793E82D1A178EB45642234D,72,100,100,100,58578606,520,1285313087,760044630,23DF4A8418762CEA4D24B7227AD125DF76D2BAF6,-1449797589,173A9B610463088D52B6EE6F476A483B111CCE2E,False,True,1.0
181634,2025-04-29T09:57:01.827661675Z,bbn-1,2A3D40C3E7CE8D6B55077335CAB141C2E11AC254,67,100,100,100,58578606,520,1285313087,768495386,23DF4A8418762CEA4D24B7227AD125DF76D2BAF6,-1449797069,173A9B610463088D52B6EE6F476A483B111CCE2E,False,False,2.0
181635,2025-04-29T09:57:12.038290038Z,bbn-1,23DF4A8418762CEA4D24B7227AD125DF76D2BAF6,75,100,100,100,58578606,520,1285313087,771088900,53406DE83381DD804632447F1BAED00CF28048E0,-1449796549,173A9B610463088D52B6EE6F476A483B111CCE2E,False,True,1.0
181636,2025-04-29T09:57:22.136178375Z,bbn-1,53406DE83381DD804632447F1BAED00CF28048E0,65,100,100,100,58578606,520,1285313087,744363730,BB386AA0E7B37EB33516AEBB58CAE3574AF85D1F,-1449796029,173A9B610463088D52B6EE6F476A483B111CCE2E,False,True,1.0
181637,2025-04-29T09:57:32.011010383Z,bbn-1,BB386AA0E7B37EB33516AEBB58CAE3574AF85D1F,74,100,100,100,58578606,520,1285313087,742745160,9407FA25941C932473F8E2B1ECC5481E3AE15A71,-1449795509,173A9B610463088D52B6EE6F476A483B111CCE2E,False,True,1.0
181638,2025-04-29T09:57:42.178574058Z,bbn-1,F2E6BB25D8D269C9737BD3789B11DC76C4FC56E7,75,100,100,100,58578606,520,1285313087,751212769,9407FA25941C932473F8E2B1ECC5481E3AE15A71,-1449794989,173A9B610463088D52B6EE6F476A483B111CCE2E,False,False,6.0
181639,2025-04-29T09:57:52.207451305Z,bbn-1,EC033669FE506006F870BD8B12CB524A3ABC3693,76,100,100,100,58578606,520,1285313087,759680378,9407FA25941C932473F8E2B1ECC5481E3AE15A71,-1449794469,173A9B610463088D52B6EE6F476A483B111CCE2E,False,False,4.0
181640,2025-04-29T09:58:03.090625574Z,bbn-1,3C70D8336DEE739BDF2D1C5A0FCA0A88B87B9A6D,77,100,100,100,58578606,520,1285313087,768147987,9407FA25941C932473F8E2B1ECC5481E3AE15A71,-1449793949,173A9B610463088D52B6EE6F476A483B111CCE2E,False,False,5.0
181641,2025-04-29T09:58:13.051948618Z,bbn-1,9407FA25941C932473F8E2B1ECC5481E3AE15A71,84,100,100,100,58578606,520,1285313087,754483808,FBC2A3F682B507F1A3A5D4C44C8CBB6AF0860296,-1449793429,173A9B610463088D52B6EE6F476A483B111CCE2E,False,True,1.0
181642,2025-04-29T09:58:23.141458054Z,bbn-1,33ECD5899A91105BB4E51066EB138189BC3825AD,84,100,100,100,58578606,520,1285313087,765695920,FBC2A3F682B507F1A3A5D4C44C8CBB6AF0860296,-1449792909,173A9B610463088D52B6EE6F476A483B111CCE2E,False,False,5.0
181643,2025-04-29T09:58:33.293853861Z,bbn-1,FBC2A3F682B507F1A3A5D4C44C8CBB6AF0860296,73,100,100,100,58578606,520,1285313087,766075033,A9C7A884BD7D6E799EF5311BF9168E0105BCE416,-1449792389,173A9B610463088D52B6EE6F476A483B111CCE2E,False,True,1.0
181644,2025-04-29T09:58:43.393032175Z,bbn-1,F42C7E49DF4F4D0993237959518415E473792392,66,100,100,100,58578606,520,1285313087,774513216,A9C7A884BD7D6E799EF5311BF9168E0105BCE416,-1449791869,173A9B610463088D52B6EE6F476A483B111CCE2E,False,False,2.0
181645,2025-04-29T09:58:49.250108303Z,bbn-1,C27B627C2FD11EE1E3E850738720692BE2E3F4C6,75,100,100,100,58578606,520,1285313087,782951399,A9C7A884BD7D6E799EF5311BF9168E0105BCE416,-1449791349,173A9B610463088D52B6EE6F476A483B111CCE2E,False,False,3.0
181646,2025-04-29T09:58:59.472472774Z,bbn-1,A9C7A884BD7D6E799EF5311BF9168E0105BCE416,81,100,100,100,58578606,520,1285313087,780783719,64CDACB04FB9C3B290579644F9EDBD05CB00BB7D,-1449790829,173A9B610463088D52B6EE6F476A483B111CCE2E,False,True,1.0
181647,2025-04-29T09:59:09.615673982Z,bbn-1,64CDACB04FB9C3B290579644F9EDBD05CB00BB7D,74,100,100,100,58578606,520,1285313087,787158227,521D2A344E322B8BA76401C833A1EC74EA2BD075,-1449790309,173A9B610463088D52B6EE6F476A483B111CCE2E,False,True,1.0
181648,2025-04-29T09:59:19.676420365Z,bbn-1,521D2A344E322B8BA76401C833A1EC74EA2BD075,69,100,100,100,58578606,520,1285313087,787191318,2A1B3FEE6B29EA1828D427F0E5C3887CB7E64487,-1449789789,173A9B610463088D52B6EE6F476A483B111CCE2E,False,True,1.0
181649,2025-04-29T09:59:30.385338314Z,bbn-1,2A1B3FEE6B29EA1828D427F0E5C3887CB7E64487,70,100,100,100,58578606,520,1285313087,788976755,671D816776E8C7FAE18DC122FB6DC231956C6D48,-1449789269,173A9B610463088D52B6EE6F476A483B111CCE2E,False,True,1.0
181650,2025-04-29T09:59:40.834765506Z,bbn-1,671D816776E8C7FAE18DC122FB6DC231956C6D48,73,100,100,100,58578606,520,1285313087,805468455,E2FC4DF9E7870FC8238136FACA07A120CC078A0C,-1449788749,173A9B610463088D52B6EE6F476A483B111CCE2E,False,True,1.0
181651,2025-04-29T09:59:50.802460373Z,bbn-1,E2FC4DF9E7870FC8238136FACA07A120CC078A0C,81,100,100,100,58578606,520,1285313087,809884309,1B03AB3C744545B281D224127708A9EC7487E58C,-1449788229,173A9B610463088D52B6EE6F476A483B111CCE2E,False,True,1.0
